Workbook

Sheet KPI Summary Report
A1: IFL Delivery Achievement Report - May 2026
A2: Target : | B2: 0.985
D3: BEFORE INVESTIGATION RESULT (IFL) | G3: AFTER INVESTIGATION RESULT (PDC)
A4: CW | B4: Shipment Dates | C4: No. of shipments | D4: Achieved | E4: Not Achieved | F4: % of Achievement | G4: Achieved | H4: Not Achieved | I4: % of Achievement
A5: CZ/KD
A6: CW19 | B6: 04/05/2026 - 08/05/2026 | C6: =CZ!D3 -> 6 | D6: =C6-E6 -> 5 | E6: =CZ!D4 -> 1 | F6: =(C6-E6)/C6*1 -> 0.83333333 | G6: =C6-H6 -> 6 | H6: =CZ!D9 -> 0 | I6: =(C6-H6)/C6 -> 1
A7: CW20 | B7: 11/05/2026 - 15/05/2026 | C7: =CZ!G3 -> 6 | D7: =C7-E7 -> 6 | E7: =CZ!G4 -> 0 | F7: =(C7-E7)/C7*1 -> 1 | G7: =C7-H7 -> 6 | H7: =CZ!G9 -> 0 | I7: =(C7-H7)/C7 -> 1
A8: CW21 | B8: 18/05/2026 - 22/05/2026 | C8: =CZ!J3 -> 6 | D8: =C8-E8 -> 6 | E8: =CZ!J4 -> 0 | F8: =(C8-E8)/C8*1 -> 1 | G8: =C8-H8 -> 6 | H8: =CZ!J9 -> 0 | I8: =(C8-H8)/C8 -> 1
A9: CW22 | B9: 25/05/2026 - 29/05/2026 | C9: =CZ!M3 -> 5 | D9: =C9-E9 -> 3 | E9: =CZ!M4 -> 2 | F9: =(C9-E9)/C9*1 -> 0.6 | G9: =C9-H9 -> 5 | H9: =CZ!M9 -> 0 | I9: =(C9-H9)/C9 -> 1
A11: Singapore
A12: CW19 | B12: 04/05/2026 - 08/05/2026 | C12: =SG!C3 -> 61 | D12: =C12-E12 -> 39 | E12: =SG!C4 -> 22 | F12: =(C12-E12)/C12*1 -> 0.63934426 | G12: =C12-H12 -> 61 | H12: =SG!C9 -> 0 | I12: =(C12-H12)/C12 -> 1
A13: CW20 | B13: 11/05/2026 - 15/05/2026 | C13: =SG!F3 -> 58 | D13: =C13-E13 -> 36 | E13: =SG!F4 -> 22 | F13: =(C13-E13)/C13*1 -> 0.62068966 | G13: =C13-H13 -> 58 | H13: =SG!F9 -> 0 | I13: =(C13-H13)/C13 -> 1
A14: CW21 | B14: 18/05/2026 - 22/05/2026 | C14: =SG!I3 -> 54 | D14: =C14-E14 -> 33 | E14: =SG!I4 -> 21 | F14: =(C14-E14)/C14*1 -> 0.61111111 | G14: =C14-H14 -> 54 | H14: =SG!I9 -> 0 | I14: =(C14-H14)/C14 -> 1
A15: CW22 | B15: 25/05/2026 - 29/05/2026 | C15: =SG!L3 -> 46 | D15: =C15-E15 -> 33 | E15: =SG!L4 -> 13 | F15: =(C15-E15)/C15*1 -> 0.7173913 | G15: =C15-H15 -> 46 | H15: =SG!L9 -> 0 | I15: =(C15-H15)/C15 -> 1
A17: Malaysia
A18: CW19 | B18: 04/05/2026 - 08/05/2026 | C18: =MY!C3 -> 167 | D18: =C18-E18 -> 163 | E18: =MY!C4 -> 4 | F18: =(C18-E18)/C18*1 -> 0.9760479 | G18: =C18-H18 -> 167 | H18: =MY!C9 -> 0 | I18: =(C18-H18)/C18 -> 1
A19: CW20 | B19: 11/05/2026 - 15/05/2026 | C19: =MY!F3 -> 171 | D19: =C19-E19 -> 166 | E19: =MY!F4 -> 5 | F19: =(C19-E19)/C19*1 -> 0.97076023 | G19: =C19-H19 -> 171 | H19: =MY!F9 -> 0 | I19: =(C19-H19)/C19 -> 1
A20: CW21 | B20: 18/05/2026 - 22/05/2026 | C20: =MY!I3 -> 169 | D20: =C20-E20 -> 163 | E20: =MY!I4 -> 6 | F20: =(C20-E20)/C20*1 -> 0.96449704 | G20: =C20-H20 -> 168 | H20: =MY!I9 -> 1 | I20: =(C20-H20)/C20 -> 0.99408284
A21: CW22 | B21: 25/05/2026 - 29/05/2026 | C21: =MY!L3 -> 106 | D21: =C21-E21 -> 64 | E21: =MY!L4 -> 42 | F21: =(C21-E21)/C21*1 -> 0.60377358 | G21: =C21-H21 -> 106 | H21: =MY!L9 -> 0 | I21: =(C21-H21)/C21 -> 1
A23: Thailand
A24: CW19 | B24: 04/05/2026 - 08/05/2026 | C24: =THAI!C4 -> 10 | D24: =C24-E24 -> 6 | E24: =THAI!C5 -> 4 | F24: =(C24-E24)/C24*1 -> 0.6 | G24: =C24-H24 -> 10 | H24: =THAI!C10 -> 0 | I24: =(C24-H24)/C24 -> 1
A25: CW20 | B25: 11/05/2026 - 15/05/2026 | C25: =THAI!F4 -> 8 | D25: =C25-E25 -> 5 | E25: =THAI!F5 -> 3 | F25: =(C25-E25)/C25*1 -> 0.625 | G25: =C25-H25 -> 8 | H25: =THAI!F10 -> 0 | I25: =(C25-H25)/C25 -> 1
A26: CW21 | B26: 18/05/2026 - 22/05/2026 | C26: =THAI!I4 -> 11 | D26: =C26-E26 -> 1 | E26: =THAI!I5 -> 10 | F26: =(C26-E26)/C26*1 -> 0.090909091 | G26: =C26-H26 -> 11 | H26: =THAI!I10 -> 0 | I26: =(C26-H26)/C26 -> 1
A27: CW22 | B27: 25/05/2026 - 29/05/2026 | C27: =THAI!L4 -> 6 | D27: =C27-E27 -> 1 | E27: =THAI!L5 -> 5 | F27: =(C27-E27)/C27*1 -> 0.16666667 | G27: =C27-H27 -> 6 | H27: =THAI!L10 -> 0 | I27: =(C27-H27)/C27 -> 1
A28: Total: | C28: =SUM(C6:C27) -> 890 | D28: =SUM(D6:D27) -> 730 | E28: =SUM(E6:E27) -> 160 | F28: =(C28-E28)/C28 -> 0.82022472 | G28: =SUM(G6:G27) -> 889 | H28: =SUM(H6:H27) -> 1 | I28: =(C28-H28)/C28 -> 0.9988764

Sheet CZ
A1: BMW - CZ Delivery Report | D1: CW 19 | G1: CW 20 | J1: CW 21 | M1: CW 22
C2: KPI Calculation | F2: KPI Calculation | I2: KPI Calculation | L2: KPI Calculation
C3: Total No. of Shipments: | D3: 6 | F3: Total No. of Shipments: | G3: 6 | I3: Total No. of Shipments: | J3: 6 | L3: Total No. of Shipments: | M3: 5
C4: No. of failed deliveries: | D4: 1 | F4: No. of failed deliveries: | G4: 0 | I4: No. of failed deliveries: | J4: 0 | L4: No. of failed deliveries: | M4: 2
C5: Before Investigation: | D5: =(D3-D4)/D3 -> 0.83333333 | F5: Before Investigation: | G5: =(G3-G4)/G3 -> 1 | I5: Before Investigation: | J5: =(J3-J4)/J3 -> 1 | L5: Before Investigation: | M5: =(M3-M4)/M3 -> 0.6
C7: KPI Calculation | F7: KPI Calculation | I7: KPI Calculation | L7: KPI Calculation
C8: Total No. of Shipments: | D8: 6 | F8: Total No. of Shipments: | G8: 6 | I8: Total No. of Shipments: | J8: 6 | L8: Total No. of Shipments: | M8: 5
C9: No. of failed deliveries: | D9: 0 | F9: No. of failed deliveries: | G9: 0 | I9: No. of failed deliveries: | J9: 0 | L9: No. of failed deliveries: | M9: 0
C10: After Investigation: | D10: =(D8-D9)/D8 -> 1 | F10: After Investigation: | G10: =(G8-G9)/G8 -> 1 | I10: After Investigation: | J10: =(J8-J9)/J8 -> 1 | L10: After Investigation: | M10: =(M8-M9)/M8 -> 1
A13: No. | B13: CW | C13: Date | D13: Shipment Type | E13: Truck Number | F13: KPI Deadline | G13: Delivered On | H13: KPI Pass/Fail | I13: Remarks | L13: After Investigation Result
A14: 1 | B14: 19 | C14: 46146 | D14: CZ AM | E14: JSR 6731 | F14: 2000 HRS | G14: 46146.764 | H14: Pass | L14: Pass
A15: 2 | B15: 19 | C15: 46147 | D15: CZ AM | E15: JTJ 3259 | F15: 2000 HRS | G15: 46147.765 | H15: Pass | L15: Pass
A16: 3 | B16: 19 | C16: 46148 | D16: CZ AM | E16: JTJ 3259 | F16: 2000 HRS | G16: 46148.774 | H16: Pass | L16: Pass
A17: 4 | B17: 19 | C17: 46149 | D17: CZ AM | E17: JTJ 3259 | F17: 2000 HRS | G17: 46149.745 | H17: Pass | L17: Pass
A18: 5 | B18: 19 | C18: 46149 | D18: CZ PM | E18: BJM 794 | F18: 2300 HRS | G18: 46150.014 | H18: Fail | I18: TRUCK WAS SELECTED FOR OVERALL CHECKING BY TJ KUPANG CUSTOM OFFICER. | L18: Pass
A19: 6 | B19: 19 | C19: 46150 | D19: CZ AM | E19: JTJ 3259 | F19: 2000 HRS | G19: 46150.829 | H19: Pass | L19: Pass
A20: 7 | B20: 20 | C20: 46153 | D20: CZ AM | E20: JTJ 3259 | F20: 2000 HRS | G20: 46153.806 | H20: Pass | L20: Pass
A21: 8 | B21: 20 | C21: 46154 | D21: CZ AM | E21: JTJ 3259 | F21: 2000 HRS | G21: 46154.77 | H21: Pass | L21: Pass
A22: 9 | B22: 20 | C22: 46155 | D22: CZ AM | E22: JTJ 3259 | F22: 2000 HRS | G22: 46155.754 | H22: Pass | L22: Pass
A23: 10 | B23: 20 | C23: 46156 | D23: CZ AM | E23: VR 3460 | F23: 2000 HRS | G23: 46156.827 | H23: Pass | L23: Pass
A24: 11 | B24: 20 | C24: 46156 | D24: CZ PM | E24: VNB 3619 | F24: 2300 HRS | G24: 46156.897 | H24: Pass | L24: Pass
A25: 12 | B25: 20 | C25: 46157 | D25: CZ AM | E25: JTJ 3259 | F25: 2000 HRS | G25: 46158.77 | H25: Pass | L25: Pass
A26: 13 | B26: 21 | C26: 46160 | D26: CZ AM | E26: JTJ 3259 | F26: 2000 HRS | G26: 46160.784 | H26: Pass | L26: Pass
A27: 14 | B27: 21 | C27: 46161 | D27: CZ AM | E27: JTJ 3259 | F27: 2000 HRS | G27: 46161.758 | H27: Pass | L27: Pass
A28: 15 | B28: 21 | C28: 46162 | D28: CZ AM | E28: JTJ 3259 | F28: 2000 HRS | G28: 46162.787 | H28: Pass | L28: Pass
A29: 16 | B29: 21 | C29: 46163 | D29: CZ AM | E29: JTJ 3259 | F29: 2000 HRS | G29: 46163.767 | H29: Pass | L29: Pass
A30: 17 | B30: 21 | C30: 46163 | D30: CZ PM | E30: VNB 3619 | F30: 2300 HRS | G30: 46163.892 | H30: Pass | L30: Pass
A31: 18 | B31: 21 | C31: 46164 | D31: CZ AM | E31: JTJ 3259 | F31: 2000 HRS | G31: 46164.799 | H31: Pass | L31: Pass
A32: 19 | B32: 22 | C32: 46167 | D32: CZ AM | E32: JYS 7658 | F32: 2000 HRS | G32: 46167.839 | H32: Fail | I32: BMW SYSTEM DOWN LED TO LATE TRUCK OUT FROM PDC. | L32: Pass
A33: 20 | B33: 22 | C33: 46168 | D33: CZ AM | E33: JTJ 3259 | F33: 2000 HRS | G33: 46168.847 | H33: Fail | I33: THERE IS AN ADDITIONAL INVOICE (BRUNEI) AND TU CLOSED AT 3PM. | L33: Pass
A34: 21 | B34: 22 | C34: 46170 | D34: CZ AM | E34: JTJ 3259 | F34: 2000 HRS | G34: 46170.754 | H34: Pass | L34: Pass
A35: 22 | B35: 22 | C35: 46170 | D35: CZ PM | E35: JUY 9157 | F35: 2300 HRS | G35: 46170.864 | H35: Pass | L35: Pass
A36: 23 | B36: 22 | C36: 46171 | D36: CZ AM | E36: JTJ 3259 | F36: 2000 HRS | G36: 46171.765 | H36: Pass | L36: Pass

Sheet SG
A1: BMW - SG Delivery Report | C1: CW 19 | F1: CW 20 | I1: CW 21 | L1: CW 22
B2: KPI Calculation | E2: KPI Calculation | H2: KPI Calculation | K2: KPI Calculation
B3: Total No. of Shipments: | C3: 61 | E3: Total No. of Shipments: | F3: 58 | H3: Total No. of Shipments: | I3: 54 | K3: Total No. of Shipments: | L3: 46
B4: No. of failed deliveries: | C4: 22 | E4: No. of failed deliveries: | F4: 22 | H4: No. of failed deliveries: | I4: 21 | K4: No. of failed deliveries: | L4: 13
B5: Before Investigation: | C5: =(C3-C4)/C3 -> 0.63934426 | E5: Before Investigation: | F5: =(F3-F4)/F3 -> 0.62068966 | H5: Before Investigation: | I5: =(I3-I4)/I3 -> 0.61111111 | K5: Before Investigation: | L5: =(L3-L4)/L3 -> 0.7173913
B7: KPI Calculation | E7: KPI Calculation | H7: KPI Calculation | K7: KPI Calculation
B8: Total No. of Shipments: | C8: 61 | E8: Total No. of Shipments: | F8: 58 | H8: Total No. of Shipments: | I8: 54 | K8: Total No. of Shipments: | L8: 46
B9: No. of failed deliveries: | C9: 0 | E9: No. of failed deliveries: | F9: 0 | H9: No. of failed deliveries: | I9: 0 | K9: No. of failed deliveries: | L9: 0
B10: After Investigation: | C10: =(C8-C9)/C8 -> 1 | E10: After Investigation: | F10: =(F8-F9)/F8 -> 1 | H10: After Investigation: | I10: =(I8-I9)/I8 -> 1 | K10: After Investigation: | L10: =(L8-L9)/L8 -> 1
A12: No. | B12: Shipment Number | C12: CW | D12: SHIPMENT TYPE | E12: Customer Account | F12: Customer Reference | G12: Delivery Location | H12: Consignee Code | I12: Collection Date | J12: KPI Deadline | K12: Delivered On | L12: KPI Pass/Fail | M12: Time In Collection Location | N12: Time Out Collection Location | O12: Time In Delivery Location | P12: Time Out Delivery Location | Q12: Remark for Customer | R12: Customer Route Code | S12: DG | T12: Customer Invoice Number(s) | U12: Country (Delivery Location) | V12: After Investigation Result
A13: 1 | B13: S202605-14793 | C13: 19 | D13: SGAM | E13: BMW | F13: 3015122735 | G13: Performance Motors Ltd 780 | H13: 780 | I13: 46146 | J13: 46146.646 | K13: 46146.631 | L13: Pass | M13: 46146.447 | N13: 46146.475 | O13: 46146.615 | P13: 46146.661 | R13: 01SGD1 | S13: Yes | T13: 8260099228 | U13: SGP | V13: Pass
A14: 2 | B14: S202605-14794 | C14: 19 | D14: SGAM | E14: BMW | F14: 3015122773 | G14: Eurokars Habitat Pte Ltd | H14: 29902 | I14: 46146 | J14: 46146.656 | K14: 46146.647 | L14: Pass | M14: 46146.447 | N14: 46146.475 | O14: 46146.604 | P14: 46146.615 | R14: 01SGD2 | S14: Yes | T14: 8260099229 | U14: SGP | V14: Pass
A15: 3 | B15: S202605-14792 | C15: 19 | D15: SGAM | E15: BMW | F15: 3015122736 | G15: Eurokars Auto Pte Ltd | H15: 51570 | I15: 46146 | J15: 46146.656 | K15: 46146.646 | L15: Pass | M15: 46146.447 | N15: 46146.475 | O15: 46146.604 | P15: 46146.615 | R15: 01SGD2 | S15: Yes | T15: 8260099230 | U15: SGP | V15: Pass
A16: 4 | B16: S202605-14795 | C16: 19 | D16: SGAM | E16: BMW | F16: 3015122774 | G16: Performance Motors Ltd 3244 | H16: 3244 | I16: 46146 | J16: 46146.646 | K16: 46146.623 | L16: Pass | M16: 46146.447 | N16: 46146.475 | O16: 46146.615 | P16: 46146.661 | R16: 01SGD5 | S16: Yes | T16: 8260099231 | U16: SGP | V16: Pass
A17: 5 | B17: S202605-14796 | C17: 19 | D17: SGAM | E17: BMW | F17: 3015122768 | G17: Eurokars Habitat Pte Ltd | H17: 29902 | I17: 46146 | J17: 46146.656 | K17: 46146.647 | L17: Pass | M17: 46146.447 | N17: 46146.475 | O17: 46146.604 | P17: 46146.615 | R17: 01SG02 | S17: No | T17: 8260099232 | U17: SGP | V17: Pass
A18: 6 | B18: S202605-14798 | C18: 19 | D18: SGAM | E18: BMW | F18: 3015122769 | G18: Performance Motors Ltd 780 | H18: 780 | I18: 46146 | J18: 46146.646 | K18: 46146.631 | L18: Pass | M18: 46146.447 | N18: 46146.475 | O18: 46146.615 | P18: 46146.661 | R18: 01SG01 | S18: No | T18: 8260099233 | U18: SGP | V18: Pass
A19: 7 | B19: S202605-14797 | C19: 19 | D19: SGAM | E19: BMW | F19: 3015122790 | G19: Performance Motors Ltd 3244 | H19: 3244 | I19: 46146 | J19: 46146.646 | K19: 46146.623 | L19: Pass | M19: 46146.447 | N19: 46146.475 | O19: 46146.615 | P19: 46146.661 | R19: 01SG05 | S19: No | T19: 8260099234 | U19: SGP | V19: Pass
A20: 8 | B20: S202605-14837 | C20: 19 | D20: SGPM | E20: BMW | F20: 3015123986 | G20: Eurokars Habitat Pte Ltd | H20: 29902 | I20: 46146 | J20: 46146.969 | K20: 46146.908 | L20: Pass | N20: 46146.752 | O20: 46146.903 | P20: 46146.913 | R20: 02SG02 | S20: No | T20: 8260099294 | U20: SGP | V20: Pass
A21: 9 | B21: S202605-14835 | C21: 19 | D21: SGPM | E21: BMW | F21: 3015123987 | G21: Performance Motors Ltd 780 | H21: 780 | I21: 46146 | J21: 46146.958 | K21: 46146.922 | L21: Pass | N21: 46146.752 | O21: 46146.914 | P21: 46146.925 | R21: 02SG01 | S21: No | T21: 8260099295 | U21: SGP | V21: Pass
A22: 10 | B22: S202605-14836 | C22: 19 | D22: SGPM | E22: BMW | F22: 3015123990 | G22: Eurokars Auto Pte Ltd | H22: 51570 | I22: 46146 | J22: 46146.969 | K22: 46146.911 | L22: Pass | N22: 46146.752 | O22: 46146.903 | P22: 46146.913 | R22: 02SG02 | S22: No | T22: 8260099296 | U22: SGP | V22: Pass
A23: 11 | B23: S202605-14848 | C23: 19 | D23: SGAM | E23: BMW | F23: 3015125684 | G23: Performance Motors Ltd 780 | H23: 780 | I23: 46147 | J23: 46147.646 | K23: 46147.603 | L23: Pass | O23: 46147.592 | P23: 46147.615 | R23: 01SGD1 | S23: Yes | T23: 8260099302 | U23: SGP | V23: Pass
A24: 12 | B24: S202605-14847 | C24: 19 | D24: SGAM | E24: BMW | F24: 3015125795 | G24: Eng Soon Auto Pte Ltd | H24: 53495 | I24: 46147 | J24: 46147.719 | K24: 46147.678 | L24: Pass | N24: 46147.478 | O24: 46147.638 | P24: 46147.675 | R24: 01SGD3 | S24: Yes | T24: 8260099303 | U24: SGP | V24: Pass
A25: 13 | B25: S202605-14850 | C25: 19 | D25: SGAM | E25: BMW | F25: 3015125796 | G25: Performance Motors Ltd 3244 | H25: 3244 | I25: 46147 | J25: 46147.646 | K25: 46147.598 | L25: Pass | O25: 46147.592 | P25: 46147.615 | R25: 01SGD5 | S25: Yes | T25: 8260099304 | U25: SGP | V25: Pass
A26: 14 | B26: S202605-14849 | C26: 19 | D26: SGAM | E26: BMW | F26: 3015125685 | G26: Golden Link Auto Pte Ltd | H26: 53722 | I26: 46147 | J26: 46147.74 | K26: 46147.657 | L26: Pass | O26: 46147.653 | P26: 46147.656 | R26: 01SGD3 | S26: Yes | T26: 8260099305 | U26: SGP | V26: Pass
A27: 15 | B27: S202605-14842 | C27: 19 | D27: SGAM | E27: BMW | F27: 3015125797 | G27: Performance Motors Ltd 3244 | H27: 3244 | I27: 46147 | J27: 46147.646 | K27: 46147.598 | L27: Pass | O27: 46147.592 | P27: 46147.615 | R27: 01SG05 | S27: No | T27: 8260099306 | U27: SGP | V27: Pass
A28: 16 | B28: S202605-14845 | C28: 19 | D28: SGAM | E28: BMW | F28: 3015125798 | G28: Golden Link Auto Pte Ltd | H28: 53722 | I28: 46147 | J28: 46147.74 | K28: 46147.657 | L28: Pass | O28: 46147.653 | P28: 46147.656 | R28: 01SG03 | S28: No | T28: 8260099307 | U28: SGP | V28: Pass
A29: 17 | B29: S202605-14844 | C29: 19 | D29: SGAM | E29: BMW | F29: 3015125810 | G29: Eurokars Habitat Pte Ltd | H29: 29902 | I29: 46147 | J29: 46147.656 | K29: 46147.624 | L29: Pass | O29: 46147.619 | P29: 46147.631 | R29: 01SG02 | S29: No | T29: 8260099308 | U29: SGP | V29: Pass
A30: 18 | B30: S202605-14843 | C30: 19 | D30: SGAM | E30: BMW | F30: 3015125811 | G30: Performance Motors Ltd 780 | H30: 780 | I30: 46147 | J30: 46147.646 | K30: 46147.603 | L30: Pass | O30: 46147.592 | P30: 46147.615 | R30: 01SG01 | S30: No | T30: 8260099309 | U30: SGP | V30: Pass
A31: 19 | B31: S202605-14841 | C31: 19 | D31: SGAM | E31: BMW | F31: 3015125812 | G31: Eurokars Auto Pte Ltd | H31: 51570 | I31: 46147 | J31: 46147.656 | K31: 46147.625 | L31: Pass | O31: 46147.619 | P31: 46147.631 | R31: 01SG02 | S31: No | T31: 8260099310 | U31: SGP | V31: Pass
A32: 20 | B32: S202605-14846 | C32: 19 | D32: SGAM | E32: BMW | F32: 3015125799 | G32: Eng Soon Auto Pte Ltd | H32: 53495 | I32: 46147 | J32: 46147.719 | K32: 46147.678 | L32: Pass | N32: 46147.478 | O32: 46147.638 | P32: 46147.675 | R32: 01SG03 | S32: No | T32: 8260099311 | U32: SGP | V32: Pass
A33: 21 | B33: S202605-14885 | C33: 19 | D33: SGPM | E33: BMW | F33: 3015127087 | G33: Eurokars Habitat Pte Ltd | H33: 29902 | I33: 46147 | J33: 46147.969 | K33: 46147.955 | L33: Pass | N33: 46147.759 | O33: 46147.946 | P33: 46147.957 | R33: 02SG02 | S33: No | T33: 8260099361 | U33: SGP | V33: Pass
A34: 22 | B34: S202605-14884 | C34: 19 | D34: SGPM | E34: BMW | F34: 3015127088 | G34: Eurokars Auto Pte Ltd | H34: 51570 | I34: 46147 | J34: 46147.969 | K34: 46147.953 | L34: Pass | N34: 46147.759 | O34: 46147.946 | P34: 46147.957 | R34: 02SG02 | S34: No | T34: 8260099362 | U34: SGP | V34: Pass
A35: 23 | B35: S202605-14886 | C35: 19 | D35: SGPM | E35: BMW | F35: 3015127094 | G35: Performance Motors Ltd 780 | H35: 780 | I35: 46147 | J35: 46147.958 | K35: 46147.971 | L35: Pass | N35: 46147.759 | O35: 46147.958 | P35: 46147.975 | R35: 02SG01 | S35: No | T35: 8260099363 | U35: SGP | V35: Pass
A36: 24 | B36: S202605-14894 | C36: 19 | D36: SGAM | E36: BMW | F36: 3015125794 | G36: Performance Motors Ltd 780 | H36: 780 | I36: 46148 | J36: 46148.646 | K36: 46148.633 | L36: Pass | R36: 01SGD1 | S36: Yes | T36: 8260099301 | U36: SGP | V36: Pass
A37: 25 | B37: S202605-14891 | C37: 19 | D37: SGAM | E37: BMW | F37: 3015128910 | G37: Performance Motors Ltd 780 | H37: 780 | I37: 46148 | J37: 46148.646 | K37: 46148.638 | L37: Pass | N37: 46148.484 | O37: 46148.633 | P37: 46148.657 | R37: 01SGD1 | S37: Yes | T37: 8260099368 | U37: SGP | V37: Pass
A38: 26 | B38: S202605-14890 | C38: 19 | D38: SGAM | E38: BMW | F38: 3015128902 | G38: Eurokars Habitat Pte Ltd | H38: 29902 | I38: 46148 | J38: 46148.656 | K38: 46148.668 | L38: Fail | N38: 46148.484 | O38: 46148.661 | P38: 46148.672 | Q38: TRAFFIC CONGESTION AT BOTH CHECKOINTS DUE TO AKPS PROCEDURE & RANDOM CHECKING DONE BY ICA LED TO BUILD UP LONG QUEUE FOR CUSTOM CLEARANCE PROCESS. | R38: 01SGD2 | S38: Yes | T38: 8260099369 | U38: SGP | V38: Pass
A39: 27 | B39: S202605-14892 | C39: 19 | D39: SGAM | E39: BMW | F39: 3015128863 | G39: Eurokars Auto Pte Ltd | H39: 51570 | I39: 46148 | J39: 46148.656 | K39: 46148.665 | L39: Fail | N39: 46148.484 | O39: 46148.661 | P39: 46148.672 | Q39: TRAFFIC CONGESTION AT BOTH CHECKOINTS DUE TO AKPS PROCEDURE & RANDOM CHECKING DONE BY ICA LED TO BUILD UP LONG QUEUE FOR CUSTOM CLEARANCE PROCESS. | R39: 01SGD2 | S39: Yes | T39: 8260099370 | U39: SGP | V39: Pass
A40: 28 | B40: S202605-14893 | C40: 19 | D40: SGAM | E40: BMW | F40: 3015128828 | G40: Performance Motors Ltd 3244 | H40: 3244 | I40: 46148 | J40: 46148.646 | K40: 46148.64 | L40: Pass | N40: 46148.484 | O40: 46148.633 | P40: 46148.657 | R40: 01SGD5 | S40: Yes | T40: 8260099371 | U40: SGP | V40: Pass
A41: 29 | B41: S202605-14896 | C41: 19 | D41: SGAM | E41: BMW | F41: 3015128921 | G41: Performance Motors Ltd 3244 | H41: 3244 | I41: 46148 | J41: 46148.646 | K41: 46148.64 | L41: Pass | N41: 46148.484 | O41: 46148.633 | P41: 46148.657 | R41: 01SG05 | S41: No | T41: 8260099372 | U41: SGP | V41: Pass
A42: 30 | B42: S202605-14895 | C42: 19 | D42: SGAM | E42: BMW | F42: 3015128922 | G42: Eurokars Habitat Pte Ltd | H42: 29902 | I42: 46148 | J42: 46148.656 | K42: 46148.668 | L42: Fail | N42: 46148.484 | O42: 46148.661 | P42: 46148.672 | Q42: TRAFFIC CONGESTION AT BOTH CHECKOINTS DUE TO AKPS PROCEDURE & RANDOM CHECKING DONE BY ICA LED TO BUILD UP LONG QUEUE FOR CUSTOM CLEARANCE PROCESS. | R42: 01SG02 | S42: No | T42: 8260099373 | U42: SGP | V42: Pass
A43: 31 | B43: S202605-14897 | C43: 19 | D43: SGAM | E43: BMW | F43: 3015128923 | G43: Eurokars Auto Pte Ltd | H43: 51570 | I43: 46148 | J43: 46148.656 | K43: 46148.665 | L43: Fail | N43: 46148.484 | O43: 46148.661 | P43: 46148.672 | Q43: TRAFFIC CONGESTION AT BOTH CHECKOINTS DUE TO AKPS PROCEDURE & RANDOM CHECKING DONE BY ICA LED TO BUILD UP LONG QUEUE FOR CUSTOM CLEARANCE PROCESS. | R43: 01SG02 | S43: No | T43: 8260099374 | U43: SGP | V43: Pass
A44: 32 | B44: S202605-14898 | C44: 19 | D44: SGAM | E44: BMW | F44: 3015128924 | G44: Performance Motors Ltd 780 | H44: 780 | I44: 46148 | J44: 46148.646 | K44: 46148.638 | L44: Pass | N44: 46148.484 | O44: 46148.633 | P44: 46148.657 | R44: 01SG01 | S44: No | T44: 8260099375 | U44: SGP | V44: Pass
A45: 33 | B45: S202605-14937 | C45: 19 | D45: SGPM | E45: BMW | F45: 3015130226 | G45: Performance Motors Ltd 780 | H45: 780 | I45: 46148 | J45: 46148.958 | K45: 46148.893 | L45: Pass | O45: 46148.88 | P45: 46148.898 | R45: 02SG01 | S45: No | T45: 8260099435 | U45: SGP | V45: Pass
A46: 34 | B46: S202605-14936 | C46: 19 | D46: SGPM | E46: BMW | F46: 3015130234 | G46: Eurokars Habitat Pte Ltd | H46: 29902 | I46: 46148 | J46: 46148.969 | K46: 46148.915 | L46: Pass | O46: 46148.901 | P46: 46148.921 | R46: 02SG02 | S46: No | T46: 8260099436//8260099437 | U46: SGP | V46: Pass
A47: 35 | B47: S202605-14938 | C47: 19 | D47: SGPM | E47: BMW | F47: 3015130252 | G47: Eurokars Auto Pte Ltd | H47: 51570 | I47: 46148 | J47: 46148.969 | K47: 46148.912 | L47: Pass | O47: 46148.901 | P47: 46148.921 | R47: 02SG02 | S47: No | T47: 8260099438//8260099439 | U47: SGP | V47: Pass
A48: 36 | B48: S202605-14943 | C48: 19 | D48: SGAM | E48: BMW | F48: 3015128756 | G48: Performance Motors Ltd 780 | H48: 780 | I48: 46149 | J48: 46149.646 | K48: 46149.662 | L48: Fail | Q48: TRAFFIC CONGESTION AT BOTH CHECKOINTS DUE TO AKPS PROCEDURE & RANDOM CHECKING DONE BY ICA LED TO BUILD UP LONG QUEUE FOR CUSTOM CLEARANCE PROCESS. | R48: 01SGD1 | S48: Yes | T48: 8260099367 | U48: SGP | V48: Pass
A49: 37 | B49: S202605-14945 | C49: 19 | D49: SGAM | E49: BMW | F49: 3015132003 | G49: Performance Motors Ltd 780 | H49: 780 | I49: 46149 | J49: 46149.646 | K49: 46149.667 | L49: Fail | N49: 46149.807 | O49: 46149.662 | P49: 46149.997 | Q49: TRAFFIC CONGESTION AT BOTH CHECKOINTS DUE TO AKPS PROCEDURE & RANDOM CHECKING DONE BY ICA LED TO BUILD UP LONG QUEUE FOR CUSTOM CLEARANCE PROCESS. | R49: 01SGD1 | S49: Yes | T49: 8260099445 | U49: SGP | V49: Pass
A50: 38 | B50: S202605-14942 | C50: 19 | D50: SGAM | E50: BMW | F50: 3015132047 | G50: Eurokars Habitat Pte Ltd | H50: 29902 | I50: 46149 | J50: 46149.656 | K50: 46149.69 | L50: Fail | N50: 46149.807 | O50: 46149.685 | P50: 46149.983 | Q50: TRAFFIC CONGESTION AT BOTH CHECKOINTS DUE TO AKPS PROCEDURE & RANDOM CHECKING DONE BY ICA LED TO BUILD UP LONG QUEUE FOR CUSTOM CLEARANCE PROCESS. | R50: 01SGD2 | S50: Yes | T50: 8260099446 | U50: SGP | V50: Pass
A51: 39 | B51: S202605-14941 | C51: 19 | D51: SGAM | E51: BMW | F51: 3015131984 | G51: Eurokars Auto Pte Ltd | H51: 51570 | I51: 46149 | J51: 46149.656 | K51: 46149.698 | L51: Fail | N51: 46149.807 | O51: 46149.685 | P51: 46149.983 | Q51: TRAFFIC CONGESTION AT BOTH CHECKOINTS DUE TO AKPS PROCEDURE & RANDOM CHECKING DONE BY ICA LED TO BUILD UP LONG QUEUE FOR CUSTOM CLEARANCE PROCESS. | R51: 01SGD2 | S51: Yes | T51: 8260099448 | U51: SGP | V51: Pass
A52: 40 | B52: S202605-14944 | C52: 19 | D52: SGAM | E52: BMW | F52: 3015132048 | G52: Eng Soon Auto Pte Ltd | H52: 53495 | I52: 46149 | J52: 46149.719 | K52: 46149.702 | L52: Pass | N52: 46149.491 | O52: 46149.697 | P52: 46149.712 | R52: 01SGD3 | S52: Yes | T52: 8260099449 | U52: SGP | V52: Pass
A53: 41 | B53: S202605-14946 | C53: 19 | D53: SGAM | E53: BMW | F53: 3015131985 | G53: Eurokars Habitat Pte Ltd | H53: 29902 | I53: 46149 | J53: 46149.656 | K53: 46149.69 | L53: Fail | N53: 46149.807 | O53: 46149.685 | P53: 46149.983 | Q53: TRAFFIC CONGESTION AT BOTH CHECKOINTS DUE TO AKPS PROCEDURE & RANDOM CHECKING DONE BY ICA LED TO BUILD UP LONG QUEUE FOR CUSTOM CLEARANCE PROCESS. | R53: 01SG02 | S53: No | T53: 8260099455//8260099456 | U53: SGP | V53: Pass
A54: 42 | B54: S202605-14947 | C54: 19 | D54: SGAM | E54: BMW | F54: 3015131957 | G54: Eurokars Auto Pte Ltd | H54: 51570 | I54: 46149 | J54: 46149.656 | K54: 46149.698 | L54: Fail | N54: 46149.807 | O54: 46149.685 | P54: 46149.983 | Q54: TRAFFIC CONGESTION AT BOTH CHECKOINTS DUE TO AKPS PROCEDURE & RANDOM CHECKING DONE BY ICA LED TO BUILD UP LONG QUEUE FOR CUSTOM CLEARANCE PROCESS. | R54: 01SG02 | S54: No | T54: 8260099458//8260099459 | U54: SGP | V54: Pass
A55: 43 | B55: S202605-14949 | C55: 19 | D55: SGAM | E55: BMW | F55: 3015131986 | G55: Eng Soon Auto Pte Ltd | H55: 53495 | I55: 46149 | J55: 46149.719 | K55: 46149.702 | L55: Pass | N55: 46149.491 | O55: 46149.697 | P55: 46149.712 | R55: 01SG03 | S55: No | T55: 8260099460 | U55: SGP | V55: Pass
A56: 44 | B56: S202605-14948 | C56: 19 | D56: SGAM | E56: BMW | F56: 3015132051 | G56: Performance Motors Ltd 780 | H56: 780 | I56: 46149 | J56: 46149.646 | K56: 46149.667 | L56: Fail | N56: 46149.807 | O56: 46149.662 | P56: 46149.997 | Q56: TRAFFIC CONGESTION AT BOTH CHECKOINTS DUE TO AKPS PROCEDURE & RANDOM CHECKING DONE BY ICA LED TO BUILD UP LONG QUEUE FOR CUSTOM CLEARANCE PROCESS. | R56: 01SG01 | S56: No | T56: 8260099461 | U56: SGP | V56: Pass
A57: 45 | B57: S202605-14950 | C57: 19 | D57: SGAM | E57: BMW | F57: 3015132052 | G57: Golden Link Auto Pte Ltd | H57: 53722 | I57: 46149 | J57: 46149.74 | K57: 46149.726 | L57: Pass | N57: 46149.491 | O57: 46149.722 | P57: 46149.74 | R57: 01SG03 | S57: No | T57: 8260099462 | U57: SGP | V57: Pass
A58: 46 | B58: S202605-14951 | C58: 19 | D58: SGAM | E58: BMW | F58: 3015132053 | G58: Performance Motors Ltd 3244 | H58: 3244 | I58: 46149 | J58: 46149.646 | K58: 46149.679 | L58: Fail | N58: 46149.807 | O58: 46149.662 | P58: 46149.997 | Q58: TRAFFIC CONGESTION AT BOTH CHECKOINTS DUE TO AKPS PROCEDURE & RANDOM CHECKING DONE BY ICA LED TO BUILD UP LONG QUEUE FOR CUSTOM CLEARANCE PROCESS. | R58: 01SG05 | S58: No | T58: 8260099463 | U58: SGP | V58: Pass
A59: 47 | B59: S202605-14986 | C59: 19 | D59: SGPM | E59: BMW | F59: 3015133265 | G59: Eurokars Habitat Pte Ltd | H59: 29902 | I59: 46149 | J59: 46149.969 | K59: 46149.971 | L59: Pass | N59: 46149.807 | O59: 46149.967 | P59: 46149.983 | R59: 02SG02 | S59: No | T59: 8260099515 | U59: SGP | V59: Pass
A60: 48 | B60: S202605-14987 | C60: 19 | D60: SGPM | E60: BMW | F60: 3015133266 | G60: Performance Motors Ltd 780 | H60: 780 | I60: 46149 | J60: 46149.958 | K60: 46149.994 | L60: Fail | N60: 46149.807 | O60: 46149.984 | P60: 46149.997 | Q60: TRAFFIC CONGESTION AT BOTH CHECKOINTS DUE TO AKPS PROCEDURE & RANDOM CHECKING DONE BY ICA LED TO BUILD UP LONG QUEUE FOR CUSTOM CLEARANCE PROCESS. | R60: 02SG01 | S60: No | T60: 8260099516 | U60: SGP | V60: Pass
A61: 49 | B61: S202605-14988 | C61: 19 | D61: SGPM | E61: BMW | F61: 3015133267 | G61: Eurokars Auto Pte Ltd | H61: 51570 | I61: 46149 | J61: 46149.969 | K61: 46149.977 | L61: Pass | N61: 46149.807 | O61: 46149.967 | P61: 46149.983 | R61: 02SG02 | S61: No | T61: 8260099517 | U61: SGP | V61: Pass
A62: 50 | B62: S202605-14995 | C62: 19 | D62: SGAM | E62: BMW | F62: 3015131955 | G62: Performance Motors Ltd 780 | H62: 780 | I62: 46150 | J62: 46150.646 | K62: 46150.655 | L62: Fail | N62: 46150.473 | O62: 46150.648 | P62: 46150.659 | Q62: TRAFFIC CONGESTION AT BOTH CHECKOINTS DUE TO AKPS PROCEDURE & RANDOM CHECKING DONE BY ICA LED TO BUILD UP LONG QUEUE FOR CUSTOM CLEARANCE PROCESS. | R62: 01SGD1 | S62: Yes | T62: 8260099444 | U62: SGP | V62: Pass
A63: 51 | B63: S202605-14994 | C63: 19 | D63: SGAM | E63: BMW | F63: 3015132049 | G63: Eurokars Auto Pte Ltd | H63: 51570 | I63: 46150 | J63: 46150.656 | K63: 46150.669 | L63: Fail | N63: 46150.473 | O63: 46150.662 | P63: 46150.676 | Q63: TRAFFIC CONGESTION AT BOTH CHECKOINTS DUE TO AKPS PROCEDURE & RANDOM CHECKING DONE BY ICA LED TO BUILD UP LONG QUEUE FOR CUSTOM CLEARANCE PROCESS. | R63: 01SGD2 | S63: Yes | T63: 8260099447 | U63: SGP | V63: Pass
A64: 52 | B64: S202605-14989 | C64: 19 | D64: SGAM | E64: BMW | F64: 3015135269 | G64: Performance Motors Ltd 780 | H64: 780 | I64: 46150 | J64: 46150.646 | K64: 46150.655 | L64: Fail | N64: 46150.473 | O64: 46150.648 | P64: 46150.659 | Q64: TRAFFIC CONGESTION AT BOTH CHECKOINTS DUE TO AKPS PROCEDURE & RANDOM CHECKING DONE BY ICA LED TO BUILD UP LONG QUEUE FOR CUSTOM CLEARANCE PROCESS. | R64: 01SGD1 | S64: Yes | T64: 8260099518 | U64: SGP | V64: Pass
A65: 53 | B65: S202605-14991 | C65: 19 | D65: SGAM | E65: BMW | F65: 3015135022 | G65: Eurokars Habitat Pte Ltd | H65: 29902 | I65: 46150 | J65: 46150.656 | K65: 46150.665 | L65: Fail | N65: 46150.473 | O65: 46150.662 | P65: 46150.676 | Q65: TRAFFIC CONGESTION AT BOTH CHECKOINTS DUE TO AKPS PROCEDURE & RANDOM CHECKING DONE BY ICA LED TO BUILD UP LONG QUEUE FOR CUSTOM CLEARANCE PROCESS. | R65: 01SGD2 | S65: Yes | T65: 8260099519 | U65: SGP | V65: Pass
A66: 54 | B66: S202605-14990 | C66: 19 | D66: SGAM | E66: BMW | F66: 3015134967 | G66: Performance Motors Ltd 3244 | H66: 3244 | I66: 46150 | J66: 46150.646 | K66: 46150.656 | L66: Fail | N66: 46150.473 | O66: 46150.648 | P66: 46150.659 | Q66: TRAFFIC CONGESTION AT BOTH CHECKOINTS DUE TO AKPS PROCEDURE & RANDOM CHECKING DONE BY ICA LED TO BUILD UP LONG QUEUE FOR CUSTOM CLEARANCE PROCESS. | R66: 01SGD5 | S66: Yes | T66: 8260099520 | U66: SGP | V66: Pass
A67: 55 | B67: S202605-14996 | C67: 19 | D67: SGAM | E67: BMW | F67: 3015134998 | G67: Eurokars Habitat Pte Ltd | H67: 29902 | I67: 46150 | J67: 46150.656 | K67: 46150.665 | L67: Fail | N67: 46150.473 | O67: 46150.662 | P67: 46150.676 | Q67: TRAFFIC CONGESTION AT BOTH CHECKOINTS DUE TO AKPS PROCEDURE & RANDOM CHECKING DONE BY ICA LED TO BUILD UP LONG QUEUE FOR CUSTOM CLEARANCE PROCESS. | R67: 01SG02 | S67: No | T67: 8260099524 | U67: SGP | V67: Pass
A68: 56 | B68: S202605-14999 | C68: 19 | D68: SGAM | E68: BMW | F68: 3015135014 | G68: Eurokars Auto Pte Ltd | H68: 51570 | I68: 46150 | J68: 46150.656 | K68: 46150.669 | L68: Fail | N68: 46150.473 | O68: 46150.662 | P68: 46150.676 | Q68: TRAFFIC CONGESTION AT BOTH CHECKOINTS DUE TO AKPS PROCEDURE & RANDOM CHECKING DONE BY ICA LED TO BUILD UP LONG QUEUE FOR CUSTOM CLEARANCE PROCESS. | R68: 01SG02 | S68: No | T68: 8260099525 | U68: SGP | V68: Pass
A69: 57 | B69: S202605-14998 | C69: 19 | D69: SGAM | E69: BMW | F69: 3015135023 | G69: Performance Motors Ltd 3244 | H69: 3244 | I69: 46150 | J69: 46150.646 | K69: 46150.656 | L69: Fail | N69: 46150.473 | O69: 46150.648 | P69: 46150.659 | Q69: TRAFFIC CONGESTION AT BOTH CHECKOINTS DUE TO AKPS PROCEDURE & RANDOM CHECKING DONE BY ICA LED TO BUILD UP LONG QUEUE FOR CUSTOM CLEARANCE PROCESS. | R69: 01SG05 | S69: No | T69: 8260099526 | U69: SGP | V69: Pass
A70: 58 | B70: S202605-14997 | C70: 19 | D70: SGAM | E70: BMW | F70: 3015135280 | G70: Performance Motors Ltd 780 | H70: 780 | I70: 46150 | J70: 46150.646 | K70: 46150.655 | L70: Fail | N70: 46150.473 | O70: 46150.648 | P70: 46150.659 | Q70: TRAFFIC CONGESTION AT BOTH CHECKOINTS DUE TO AKPS PROCEDURE & RANDOM CHECKING DONE BY ICA LED TO BUILD UP LONG QUEUE FOR CUSTOM CLEARANCE PROCESS. | R70: 01SG01 | S70: No | T70: 8260099527 | U70: SGP | V70: Pass
A71: 59 | B71: S202605-15041 | C71: 19 | D71: SGPM | E71: BMW | F71: 3015136528 | G71: Performance Motors Ltd 780 | H71: 780 | I71: 46150 | J71: 46150.958 | K71: 46150.888 | L71: Pass | N71: 46150.758 | O71: 46150.876 | P71: 46150.889 | R71: 02SG01 | S71: No | T71: 8260099589 | U71: SGP | V71: Pass
A72: 60 | B72: S202605-15042 | C72: 19 | D72: SGPM | E72: BMW | F72: 3015136612 | G72: Eurokars Habitat Pte Ltd | H72: 29902 | I72: 46150 | J72: 46150.969 | K72: 46150.874 | L72: Pass | N72: 46150.758 | O72: 46150.868 | P72: 46150.875 | R72: 02SG02 | S72: No | T72: 8260099590 | U72: SGP | V72: Pass
A73: 61 | B73: S202605-15043 | C73: 19 | D73: SGPM | E73: BMW | F73: 3015136624 | G73: Eurokars Auto Pte Ltd | H73: 51570 | I73: 46150 | J73: 46150.969 | K73: 46150.873 | L73: Pass | N73: 46150.758 | O73: 46150.868 | P73: 46150.875 | R73: 02SG02 | S73: No | T73: 8260099591 | U73: SGP | V73: Pass
A74: 62 | B74: S202605-15045 | C74: 20 | D74: SGAM | E74: BMW | F74: 3015138356 | G74: Performance Motors Ltd 780 | H74: 780 | I74: 46153 | J74: 46153.646 | K74: 46153.656 | L74: Fail | N74: 46153.468 | O74: 46153.651 | P74: 46153.669 | Q74: TRAFFIC CONGESTION AT BOTH CHECKOINTS DUE TO AKPS PROCEDURE & RANDOM CHECKING DONE BY ICA LED TO BUILD UP LONG QUEUE FOR CUSTOM CLEARANCE PROCESS. | R74: 01SGD1 | S74: Yes | T74: 8260099593 | U74: SGP | V74: Pass
A75: 63 | B75: S202605-15048 | C75: 20 | D75: SGAM | E75: BMW | F75: 3015138343 | G75: Performance Motors Ltd 780 | H75: 780 | I75: 46153 | J75: 46153.646 | K75: 46153.656 | L75: Fail | N75: 46153.468 | O75: 46153.651 | P75: 46153.669 | Q75: TRAFFIC CONGESTION AT BOTH CHECKOINTS DUE TO AKPS PROCEDURE & RANDOM CHECKING DONE BY ICA LED TO BUILD UP LONG QUEUE FOR CUSTOM CLEARANCE PROCESS. | R75: 01SG01 | S75: No | T75: 8260099597//8260099598 | U75: SGP | V75: Pass
A76: 64 | B76: S202605-15046 | C76: 20 | D76: SGAM | E76: BMW | F76: 3015138386 | G76: Eurokars Auto Pte Ltd | H76: 51570 | I76: 46153 | J76: 46153.656 | K76: 46153.676 | L76: Fail | N76: 46153.468 | O76: 46153.672 | P76: 46153.686 | Q76: TRAFFIC CONGESTION AT BOTH CHECKOINTS DUE TO AKPS PROCEDURE & RANDOM CHECKING DONE BY ICA LED TO BUILD UP LONG QUEUE FOR CUSTOM CLEARANCE PROCESS. | R76: 01SG02 | S76: No | T76: 8260099599 | U76: SGP | V76: Pass
A77: 65 | B77: S202605-15047 | C77: 20 | D77: SGAM | E77: BMW | F77: 3015138401 | G77: Eurokars Habitat Pte Ltd | H77: 29902 | I77: 46153 | J77: 46153.656 | K77: 46153.675 | L77: Fail | N77: 46153.468 | O77: 46153.672 | P77: 46153.686 | Q77: TRAFFIC CONGESTION AT BOTH CHECKOINTS DUE TO AKPS PROCEDURE & RANDOM CHECKING DONE BY ICA LED TO BUILD UP LONG QUEUE FOR CUSTOM CLEARANCE PROCESS. | R77: 01SG02 | S77: No | T77: 8260099600 | U77: SGP | V77: Pass
A78: 66 | B78: S202605-15049 | C78: 20 | D78: SGAM | E78: BMW | F78: 3015138410 | G78: Performance Motors Ltd 3244 | H78: 3244 | I78: 46153 | J78: 46153.646 | K78: 46153.657 | L78: Fail | N78: 46153.468 | O78: 46153.651 | P78: 46153.687 | Q78: TRAFFIC CONGESTION AT BOTH CHECKOINTS DUE TO AKPS PROCEDURE & RANDOM CHECKING DONE BY ICA LED TO BUILD UP LONG QUEUE FOR CUSTOM CLEARANCE PROCESS. | R78: 01SG05 | S78: No | T78: 8260099601 | U78: SGP | V78: Pass
A79: 67 | B79: S202605-15087 | C79: 20 | D79: SGPM | E79: BMW | F79: 3015139529 | G79: Eurokars Habitat Pte Ltd | H79: 29902 | I79: 46153 | J79: 46153.969 | K79: 46153.951 | L79: Pass | N79: 46153.758 | O79: 46153.935 | P79: 46153.958 | R79: 02SG02 | S79: No | T79: 8260099662 | U79: SGP | V79: Pass
A80: 68 | B80: S202605-15088 | C80: 20 | D80: SGPM | E80: BMW | F80: 3015139610 | G80: Eurokars Auto Pte Ltd | H80: 51570 | I80: 46153 | J80: 46153.969 | K80: 46153.957 | L80: Pass | N80: 46153.758 | O80: 46153.935 | P80: 46153.958 | R80: 02SG02 | S80: No | T80: 8260099663 | U80: SGP | V80: Pass
A81: 69 | B81: S202605-15089 | C81: 20 | D81: SGPM | E81: BMW | F81: 3015139611 | G81: Performance Motors Ltd 780 | H81: 780 | I81: 46153 | J81: 46153.958 | K81: 46153.969 | L81: Pass | N81: 46153.758 | O81: 46153.958 | P81: 46153.973 | R81: 02SG01 | S81: No | T81: 8260099664 | U81: SGP | V81: Pass
A82: 70 | B82: S202605-15091 | C82: 20 | D82: SGAM | E82: BMW | F82: 3015138400 | G82: Performance Motors Ltd 780 | H82: 780 | I82: 46154 | J82: 46154.646 | K82: 46154.635 | L82: Pass | R82: 01SGD1 | S82: Yes | T82: 8260099594 | U82: SGP | V82: Pass
A83: 71 | B83: S202605-15097 | C83: 20 | D83: SGAM | E83: BMW | F83: 3015141317 | G83: Performance Motors Ltd 780 | H83: 780 | I83: 46154 | J83: 46154.646 | K83: 46154.636 | L83: Pass | N83: 46154.764 | O83: 46154.629 | P83: 46154.917 | R83: 01SGD1 | S83: Yes | T83: 8260099667 | U83: SGP | V83: Pass
A84: 72 | B84: S202605-15099 | C84: 20 | D84: SGAM | E84: BMW | F84: 3015141391 | G84: Eurokars Habitat Pte Ltd | H84: 29902 | I84: 46154 | J84: 46154.656 | K84: 46154.66 | L84: Pass | N84: 46154.764 | O84: 46154.649 | P84: 46154.897 | R84: 01SGD2 | S84: Yes | T84: 8260099669 | U84: SGP | V84: Pass
A85: 73 | B85: S202605-15100 | C85: 20 | D85: SGAM | E85: BMW | F85: 3015141359 | G85: Eng Soon Auto Pte Ltd | H85: 53495 | I85: 46154 | J85: 46154.719 | K85: 46154.655 | L85: Pass | R85: 01SGD3 | S85: Yes | T85: 8260099670 | U85: SGP | V85: Pass
A86: 74 | B86: S202605-15098 | C86: 20 | D86: SGAM | E86: BMW | F86: 3015141400 | G86: Golden Link Auto Pte Ltd | H86: 53722 | I86: 46154 | J86: 46154.74 | K86: 46154.679 | L86: Pass | R86: 01SGD3 | S86: Yes | T86: 8260099671 | U86: SGP | V86: Pass
A87: 75 | B87: S202605-15092 | C87: 20 | D87: SGAM | E87: BMW | F87: 3015141319 | G87: Performance Motors Ltd 780 | H87: 780 | I87: 46154 | J87: 46154.646 | K87: 46154.636 | L87: Pass | N87: 46154.764 | O87: 46154.629 | P87: 46154.917 | R87: 01SG01 | S87: No | T87: 8260099672//8260099673 | U87: SGP | V87: Pass
A88: 76 | B88: S202605-15096 | C88: 20 | D88: SGAM | E88: BMW | F88: 3015141365 | G88: Eurokars Auto Pte Ltd | H88: 51570 | I88: 46154 | J88: 46154.656 | K88: 46154.658 | L88: Pass | N88: 46154.764 | O88: 46154.649 | P88: 46154.897 | R88: 01SG02 | S88: No | T88: 8260099674 | U88: SGP | V88: Pass
A89: 77 | B89: S202605-15094 | C89: 20 | D89: SGAM | E89: BMW | F89: 3015141366 | G89: Performance Motors Ltd 3244 | H89: 3244 | I89: 46154 | J89: 46154.646 | K89: 46154.634 | L89: Pass | N89: 46154.764 | O89: 46154.629 | P89: 46154.917 | R89: 01SG05 | S89: No | T89: 8260099675 | U89: SGP | V89: Pass
A90: 78 | B90: S202605-15095 | C90: 20 | D90: SGAM | E90: BMW | F90: 3015141383 | G90: Eurokars Habitat Pte Ltd | H90: 29902 | I90: 46154 | J90: 46154.656 | K90: 46154.66 | L90: Pass | N90: 46154.764 | O90: 46154.649 | P90: 46154.897 | R90: 01SG02 | S90: No | T90: 8260099676 | U90: SGP | V90: Pass
A91: 79 | B91: S202605-15093 | C91: 20 | D91: SGAM | E91: BMW | F91: 3015141410 | G91: Golden Link Auto Pte Ltd | H91: 53722 | I91: 46154 | J91: 46154.74 | K91: 46154.679 | L91: Pass | R91: 01SG03 | S91: No | T91: 8260099677 | U91: SGP | V91: Pass
A92: 80 | B92: S202605-15101 | C92: 20 | D92: SGAM | E92: BMW | F92: 3015141411 | G92: Eng Soon Auto Pte Ltd | H92: 53495 | I92: 46154 | J92: 46154.719 | K92: 46154.655 | L92: Pass | R92: 01SG03 | S92: No | T92: 8260099678 | U92: SGP | V92: Pass
A93: 81 | B93: S202605-15138 | C93: 20 | D93: SGPM | E93: BMW | F93: 3015142639 | G93: Performance Motors Ltd 780 | H93: 780 | I93: 46154 | J93: 46154.958 | K93: 46154.912 | L93: Pass | N93: 46154.764 | O93: 46154.898 | P93: 46154.917 | R93: 02SG01 | S93: No | T93: 8260099735 | U93: SGP | V93: Pass
A94: 82 | B94: S202605-15139 | C94: 20 | D94: SGPM | E94: BMW | F94: 3015142660 | G94: Eurokars Habitat Pte Ltd | H94: 29902 | I94: 46154 | J94: 46154.969 | K94: 46154.893 | L94: Pass | N94: 46154.764 | O94: 46154.886 | P94: 46154.897 | R94: 02SG02 | S94: No | T94: 8260099736 | U94: SGP | V94: Pass
A95: 83 | B95: S202605-15137 | C95: 20 | D95: SGPM | E95: BMW | F95: 3015142661 | G95: Eurokars Auto Pte Ltd | H95: 51570 | I95: 46154 | J95: 46154.969 | K95: 46154.896 | L95: Pass | N95: 46154.764 | O95: 46154.886 | P95: 46154.897 | R95: 02SG02 | S95: No | T95: 8260099737 | U95: SGP | V95: Pass
A96: 84 | B96: S202605-15142 | C96: 20 | D96: SGAM | E96: BMW | F96: 3015144500 | G96: Performance Motors Ltd 780 | H96: 780 | I96: 46155 | J96: 46155.646 | K96: 46155.605 | L96: Pass | N96: 46155.76 | O96: 46155.596 | P96: 46155.916 | R96: 01SGD1 | S96: Yes | T96: 8260099745 | U96: SGP | V96: Pass
A97: 85 | B97: S202605-15143 | C97: 20 | D97: SGAM | E97: BMW | F97: 3015144491 | G97: Eurokars Habitat Pte Ltd | H97: 29902 | I97: 46155 | J97: 46155.656 | K97: 46155.62 | L97: Pass | N97: 46155.76 | O97: 46155.612 | P97: 46155.901 | R97: 01SGD2 | S97: Yes | T97: 8260099747 | U97: SGP | V97: Pass
A98: 86 | B98: S202605-15144 | C98: 20 | D98: SGAM | E98: BMW | F98: 3015144469 | G98: Eurokars Auto Pte Ltd | H98: 51570 | I98: 46155 | J98: 46155.656 | K98: 46155.626 | L98: Pass | N98: 46155.76 | O98: 46155.612 | P98: 46155.901 | R98: 01SGD2 | S98: Yes | T98: 8260099748 | U98: SGP | V98: Pass
A99: 87 | B99: S202605-15146 | C99: 20 | D99: SGAM | E99: BMW | F99: 3015144437 | G99: Eurokars Auto Pte Ltd | H99: 51570 | I99: 46155 | J99: 46155.656 | K99: 46155.626 | L99: Pass | N99: 46155.76 | O99: 46155.612 | P99: 46155.901 | R99: 01SG02 | S99: No | T99: 8260099749 | U99: SGP | V99: Pass
A100: 88 | B100: S202605-15148 | C100: 20 | D100: SGAM | E100: BMW | F100: 3015144438 | G100: Performance Motors Ltd 3244 | H100: 3244 | I100: 46155 | J100: 46155.646 | K100: 46155.606 | L100: Pass | N100: 46155.76 | O100: 46155.596 | P100: 46155.916 | R100: 01SG05 | S100: No | T100: 8260099750 | U100: SGP | V100: Pass
A101: 89 | B101: S202605-15147 | C101: 20 | D101: SGAM | E101: BMW | F101: 3015144510 | G101: Eurokars Habitat Pte Ltd | H101: 29902 | I101: 46155 | J101: 46155.656 | K101: 46155.62 | L101: Pass | N101: 46155.76 | O101: 46155.612 | P101: 46155.901 | R101: 01SG02 | S101: No | T101: 8260099751 | U101: SGP | V101: Pass
A102: 90 | B102: S202605-15149 | C102: 20 | D102: SGAM | E102: BMW | F102: 3015144511 | G102: Performance Motors Ltd 780 | H102: 780 | I102: 46155 | J102: 46155.646 | K102: 46155.605 | L102: Pass | N102: 46155.76 | O102: 46155.596 | P102: 46155.916 | R102: 01SG01 | S102: No | T102: 8260099752 | U102: SGP | V102: Pass
...

Sheet MY
A1: BMW - MY Delivery Report | C1: CW 19 | F1: CW 20 | I1: CW 21 | L1: CW 22
B2: KPI Calculation | E2: KPI Calculation | H2: KPI Calculation | K2: KPI Calculation
B3: Total No. of Shipments: | C3: 167 | E3: Total No. of Shipments: | F3: 171 | H3: Total No. of Shipments: | I3: 169 | K3: Total No. of Shipments: | L3: 106
B4: No. of failed deliveries: | C4: 4 | E4: No. of failed deliveries: | F4: 5 | H4: No. of failed deliveries: | I4: 6 | K4: No. of failed deliveries: | L4: 42
B5: Before Investigation: | C5: =(C3-C4)/C3 -> 0.9760479 | E5: Before Investigation: | F5: =(F3-F4)/F3 -> 0.97076023 | H5: Before Investigation: | I5: =(I3-I4)/I3 -> 0.96449704 | K5: Before Investigation: | L5: =(L3-L4)/L3 -> 0.60377358
B7: KPI Calculation | E7: KPI Calculation | H7: KPI Calculation | K7: KPI Calculation
B8: Total No. of Shipments: | C8: 167 | E8: Total No. of Shipments: | F8: 171 | H8: Total No. of Shipments: | I8: 169 | K8: Total No. of Shipments: | L8: 106
B9: No. of failed deliveries: | C9: 0 | E9: No. of failed deliveries: | F9: 0 | H9: No. of failed deliveries: | I9: 1 | K9: No. of failed deliveries: | L9: 0
B10: After Investigation: | C10: =(C8-C9)/C8 -> 1 | E10: After Investigation: | F10: =(F8-F9)/F8 -> 1 | H10: After Investigation: | I10: =(I8-I9)/I8 -> 0.99408284 | K10: After Investigation: | L10: =(L8-L9)/L8 -> 1
A12: No. | B12: Shipment Number | C12: CW | D12: SHIPMENT TYPE | E12: Customer Account | F12: Customer Reference | G12: Delivery Location | H12: Consignee Code | I12: Collection Date | J12: KPI Deadline | K12: Delivered On | L12: KPI Pass/Fail | M12: Time In Collection Location | N12: Time Out Collection Location | O12: Time In Delivery Location | P12: Time Out Delivery Location | Q12: Remark for Customer | R12: Customer Route Code | S12: DG | T12: Customer Invoice Number(s) | U12: Country (Delivery Location) | V12: After Investigation Result
A13: 1 | B13: S202605-14807 | C13: 19 | D13: MY | E13: BMW | F13: 3015123529 | G13: Millennium Welt, K.Terengganu | H13: 53236 | I13: 46146 | J13: 46147.875 | K13: 46147.485 | L13: Pass | O13: 46147.479 | P13: 46147.487 | R13: 01MY14 | S13: No | T13: 8260099256 | U13: MYS | V13: Pass
A14: 2 | B14: S202605-14810 | C14: 19 | D14: MY | E14: BMW | F14: 3015123587 | G14: SDM Sg Tengah | H14: 27307 | I14: 46146 | J14: 46147.656 | K14: 46147.503 | L14: Pass | O14: 46147.497 | P14: 46147.507 | R14: 01MY04 | S14: No | T14: 8260099257 | U14: MYS | V14: Pass
A15: 3 | B15: S202605-14809 | C15: 19 | D15: MY | E15: BMW | F15: 3015123589 | G15: Tian Siang Jln Prai (Butterworth) | H15: 35787 | I15: 46146 | J15: 46147.604 | K15: 46147.497 | L15: Pass | O15: 46147.485 | P15: 46147.503 | R15: 01MY04 | S15: No | T15: 8260099258 | U15: MYS | V15: Pass
A16: 4 | B16: S202605-14808 | C16: 19 | D16: MY | E16: BMW | F16: 3015123592 | G16: Lee Motors Alor Star | H16: 27240 | I16: 46146 | J16: 46147.708 | K16: 46147.52 | L16: Pass | O16: 46147.516 | P16: 46147.523 | R16: 01MY08 | S16: No | T16: 8260099259 | U16: MYS | V16: Pass
A17: 5 | B17: S202605-14801 | C17: 19 | D17: MY | E17: BMW | F17: 3015123629 | G17: Millenium Kuantan 43638 | H17: 43638 | I17: 46146 | J17: 46147.458 | K17: 46147.378 | L17: Pass | M17: 46146.723 | N17: 46146.736 | O17: 46147.371 | P17: 46147.38 | R17: 01MY07 | S17: No | T17: 8260099260 | U17: MYS | V17: Pass
A18: 6 | B18: S202605-14800 | C18: 19 | D18: MY | E18: BMW | F18: 3015123650 | G18: Seong Hoe, Semabok | H18: 29479 | I18: 46146 | J18: 46147.521 | K18: 46147.429 | L18: Pass | O18: 46147.426 | P18: 46147.434 | R18: 01MY13 | S18: No | T18: 8260099261 | U18: MYS | V18: Pass
A19: 7 | B19: S202605-14803 | C19: 19 | D19: MY | E19: BMW | F19: 3015123653 | G19: Millennium Welt, Seremban 46274 | H19: 46274 | I19: 46146 | J19: 46147.438 | K19: 46147.345 | L19: Pass | O19: 46147.294 | P19: 46147.365 | R19: 01MY10 | S19: No | T19: 8260099262 | U19: MYS | V19: Pass
A20: 8 | B20: S202605-14804 | C20: 19 | D20: MY | E20: BMW | F20: 3015123654 | G20: Millenium Kuantan 47057 | H20: 47057 | I20: 46146 | J20: 46147.458 | K20: 46147.378 | L20: Pass | M20: 46146.723 | N20: 46146.736 | O20: 46147.371 | P20: 46147.381 | R20: 01MY07 | S20: No | T20: 8260099263 | U20: MYS | V20: Pass
A21: 9 | B21: S202605-14805 | C21: 19 | D21: MY | E21: BMW | F21: 3015123655 | G21: Performance Motor Puchong | H21: 53929 | I21: 46146 | J21: 46147.375 | K21: 46147.288 | L21: Pass | O21: 46147.281 | P21: 46147.29 | R21: 01MY03 | S21: No | T21: 8260099264 | U21: MYS | V21: Pass
A22: 10 | B22: S202605-14802 | C22: 19 | D22: MY | E22: BMW | F22: 3015123656 | G22: SDM Penang Jln Anson | H22: 27306 | I22: 46146 | J22: 46147.625 | K22: 46147.503 | L22: Pass | O22: 46147.497 | P22: 46147.507 | R22: 01MY04 | S22: No | T22: 8260099265 | U22: MYS | V22: Pass
A23: 11 | B23: S202605-14814 | C23: 19 | D23: MY | E23: BMW | F23: 3015123660 | G23: SDM Tebrau 49327 | H23: 49327 | I23: 46146 | J23: 46147.448 | K23: 46147.4 | L23: Pass | N23: 46146.736 | O23: 46147.391 | P23: 46147.401 | R23: 01MY12 | S23: No | T23: 8260099266 | U23: MYS | V23: Pass
A24: 12 | B24: S202605-14813 | C24: 19 | D24: MY | E24: BMW | F24: 3015123661 | G24: SDM Tebrau 49330 | H24: 49330 | I24: 46146 | J24: 46147.448 | K24: 46147.399 | L24: Pass | M24: 46146.723 | N24: 46146.736 | O24: 46147.391 | P24: 46147.401 | R24: 01MY12 | S24: No | T24: 8260099267 | U24: MYS | V24: Pass
A25: 13 | B25: S202605-14811 | C25: 19 | D25: MY | E25: BMW | F25: 3015123662 | G25: Performance Kepong | H25: 53931 | I25: 46146 | J25: 46147.354 | K25: 46147.077 | L25: Pass | O25: 46147.069 | P25: 46147.106 | R25: 01MY03 | S25: No | T25: 8260099268 | U25: MYS | V25: Pass
A26: 14 | B26: S202605-14812 | C26: 19 | D26: MY | E26: BMW | F26: 3015123663 | G26: SDM ARA Damansara 27303 | H26: 27303 | I26: 46146 | J26: 46147.354 | K26: 46147.351 | L26: Pass | O26: 46147.294 | P26: 46147.354 | R26: 01MY03 | S26: No | T26: 8260099269 | U26: MYS | V26: Pass
A27: 15 | B27: S202605-14806 | C27: 19 | D27: MY | E27: BMW | F27: 3015123670 | G27: Sime Darby Auto Bavaria Sdn. Bhd (Sg.Besi) | H27: 52770 | I27: 46146 | J27: 46147.458 | K27: 46147.349 | L27: Pass | R27: 01MY03 | S27: No | T27: 8260099270 | U27: MYS | V27: Pass
A28: 16 | B28: S202605-14815 | C28: 19 | D28: MY | E28: BMW | F28: 3015123671 | G28: Wheelcorp Premium - Setia Alam | H28: 54775 | I28: 46146 | J28: 46147.5 | K28: 46147.424 | L28: Pass | O28: 46147.421 | P28: 46147.426 | R28: 01MY03 | S28: No | T28: 8260099271 | U28: MYS | V28: Pass
A29: 17 | B29: S202605-14822 | C29: 19 | D29: MY | E29: BMW | F29: 3015123673 | G29: SDM Body & Paint | H29: 52292 | I29: 46146 | J29: 46147.688 | K29: 46147.486 | L29: Pass | O29: 46147.485 | P29: 46147.491 | R29: 01MY04 | S29: No | T29: 8260099272 | U29: MYS | V29: Pass
A30: 18 | B30: S202605-14817 | C30: 19 | D30: MY | E30: BMW | F30: 3015123675 | G30: King Hup Shah Alam ( Rimbunan Kuasa Sdn Bhd) | H30: 46678 | I30: 46146 | J30: 46147.427 | K30: 46147.397 | L30: Pass | O30: 46147.382 | P30: 46147.402 | R30: 01MY03 | S30: No | T30: 8260099273 | U30: MYS | V30: Pass
A31: 19 | B31: S202605-14821 | C31: 19 | D31: MY | E31: BMW | F31: 3015123676 | G31: SDM ARA Damansara 25329 | H31: 25329 | I31: 46146 | J31: 46147.354 | K31: 46147.35 | L31: Pass | O31: 46147.294 | P31: 46147.354 | R31: 01MY03 | S31: No | T31: 8260099274 | U31: MYS | V31: Pass
A32: 20 | B32: S202605-14816 | C32: 19 | D32: MY | E32: BMW | F32: 3015123680 | G32: Chear Motorrad | H32: 36820 | I32: 46146 | J32: 46147.469 | K32: 46147.394 | L32: Pass | O32: 46147.388 | P32: 46147.397 | R32: 01MY03 | S32: No | T32: 8260099275 | U32: MYS | V32: Pass
A33: 21 | B33: S202605-14819 | C33: 19 | D33: MY | E33: BMW | F33: 3015123682 | G33: SDM CSL | H33: 49902 | I33: 46146 | J33: 46147.479 | K33: 46147.343 | L33: Pass | O33: 46147.318 | P33: 46147.344 | R33: 01MY03 | S33: No | T33: 8260099276 | U33: MYS | V33: Pass
A34: 22 | B34: S202605-14820 | C34: 19 | D34: MY | E34: BMW | F34: 3015123683 | G34: Millenium Batu Pahat | H34: 41879 | I34: 46146 | J34: 46147.656 | K34: 46147.494 | L34: Pass | M34: 46146.723 | N34: 46146.736 | O34: 46147.493 | P34: 46147.502 | R34: 01MY11 | S34: No | T34: 8260099277 | U34: MYS | V34: Pass
A35: 23 | B35: S202605-14818 | C35: 19 | D35: MY | E35: BMW | F35: 3015123684 | G35: Bavarian Auto, Segambut | H35: 46677 | I35: 46146 | J35: 46147.479 | K35: 46147.403 | L35: Pass | O35: 46147.37 | P35: 46147.405 | R35: 01MY03 | S35: No | T35: 8260099278 | U35: MYS | V35: Pass
A36: 24 | B36: S202605-14828 | C36: 19 | D36: MY | E36: BMW | F36: 3015123593 | G36: Tian Siang Ipoh 30484 | H36: 30484 | I36: 46146 | J36: 46147.469 | K36: 46147.388 | L36: Pass | O36: 46147.383 | P36: 46147.393 | R36: 01MY05 | S36: No | T36: 8260099281 | U36: MYS | V36: Pass
A37: 25 | B37: S202605-14826 | C37: 19 | D37: MY | E37: BMW | F37: 3015123657 | G37: SDM Skudai | H37: 25435 | I37: 46146 | J37: 46147.396 | K37: 46147.373 | L37: Pass | M37: 46146.723 | N37: 46146.736 | O37: 46147.368 | P37: 46147.374 | R37: 01MY12 | S37: No | T37: 8260099282 | U37: MYS | V37: Pass
A38: 26 | B38: S202605-14830 | C38: 19 | D38: MY | E38: BMW | F38: 3015123664 | G38: SDM Tun Razak | H38: 35782 | I38: 46146 | J38: 46147.438 | K38: 46147.315 | L38: Pass | R38: 01MY03 | S38: No | T38: 8260099283 | U38: MYS | V38: Pass
A39: 27 | B39: S202605-14833 | C39: 19 | D39: MY | E39: BMW | F39: 3015123677 | G39: SDM Balakong | H39: 27304 | I39: 46146 | J39: 46147.396 | K39: 46147.367 | L39: Pass | R39: 01MY03 | S39: No | T39: 8260099284 | U39: MYS | V39: Pass
A40: 28 | B40: S202605-14823 | C40: 19 | D40: MY | E40: BMW | F40: 3015123686 | G40: SDM Sg Pinang | H40: 49903 | I40: 46146 | J40: 46147.667 | K40: 46147.471 | L40: Pass | O40: 46147.47 | P40: 46147.483 | R40: 01MY04 | S40: No | T40: 8260099285 | U40: MYS | V40: Pass
A41: 29 | B41: S202605-14831 | C41: 19 | D41: MY | E41: BMW | F41: 3015123687 | G41: Millennium Welt, Seremban 39488 | H41: 39488 | I41: 46146 | J41: 46147.438 | K41: 46147.344 | L41: Pass | O41: 46147.294 | P41: 46147.365 | R41: 01MY10 | S41: No | T41: 8260099286 | U41: MYS | V41: Pass
A42: 30 | B42: S202605-14825 | C42: 19 | D42: MY | E42: BMW | F42: 3015123688 | G42: Quill Automobile, P.Jaya | H42: 33873 | I42: 46146 | J42: 46147.427 | K42: 46147.267 | L42: Pass | O42: 46147.257 | P42: 46147.269 | R42: 01MY03 | S42: No | T42: 8260099287 | U42: MYS | V42: Pass
A43: 31 | B43: S202605-14834 | C43: 19 | D43: MY | E43: BMW | F43: 3015123689 | G43: Millennium Jln Kuching | H43: 50898 | I43: 46146 | J43: 46147.458 | K43: 46147.357 | L43: Pass | O43: 46147.286 | P43: 46147.362 | R43: 01MY03 | S43: No | T43: 8260099288 | U43: MYS | V43: Pass
A44: 32 | B44: S202605-14829 | C44: 19 | D44: MY | E44: BMW | F44: 3015123690 | G44: Performance Motor Damansara | H44: 53924 | I44: 46146 | J44: 46147.406 | K44: 46147.056 | L44: Pass | O44: 46147.051 | P44: 46147.069 | R44: 01MY03 | S44: No | T44: 8260099289 | U44: MYS | V44: Pass
A45: 33 | B45: S202605-14832 | C45: 19 | D45: MY | E45: BMW | F45: 3015123691 | G45: SDM Shah Alam | H45: 41630 | I45: 46146 | J45: 46147.354 | K45: 46147.36 | L45: Pass | O45: 46147.296 | P45: 46147.362 | R45: 01MY03 | S45: No | T45: 8260099290 | U45: MYS | V45: Pass
A46: 34 | B46: S202605-14854 | C46: 19 | D46: MY | E46: BMW | F46: 3015126822 | G46: SDM ARA Damansara 27303 | H46: 27303 | I46: 46147 | J46: 46148.354 | K46: 46148.334 | L46: Pass | O46: 46148.327 | P46: 46148.344 | R46: 01MY03 | S46: No | T46: 8260099328 | U46: MYS | V46: Pass
A47: 35 | B47: S202605-14855 | C47: 19 | D47: MY | E47: BMW | F47: 3015126823 | G47: Sime Darby Auto Bavaria Sdn. Bhd (Sg.Besi) | H47: 52770 | I47: 46147 | J47: 46148.458 | K47: 46148.351 | L47: Pass | R47: 01MY03 | S47: No | T47: 8260099329 | U47: MYS | V47: Pass
A48: 36 | B48: S202605-14853 | C48: 19 | D48: MY | E48: BMW | F48: 3015126824 | G48: Performance Motor Puchong | H48: 53929 | I48: 46147 | J48: 46148.375 | K48: 46148.325 | L48: Pass | O48: 46148.324 | P48: 46148.327 | R48: 01MY03 | S48: No | T48: 8260099330 | U48: MYS | V48: Pass
A49: 37 | B49: S202605-14851 | C49: 19 | D49: MY | E49: BMW | F49: 3015126825 | G49: SDM CSL | H49: 49902 | I49: 46147 | J49: 46148.479 | K49: 46148.345 | L49: Pass | O49: 46148.34 | P49: 46148.354 | R49: 01MY03 | S49: No | T49: 8260099331 | U49: MYS | V49: Pass
A50: 38 | B50: S202605-14852 | C50: 19 | D50: MY | E50: BMW | F50: 3015126840 | G50: Chear Motorrad | H50: 36820 | I50: 46147 | J50: 46148.469 | K50: 46148.359 | L50: Pass | O50: 46148.356 | P50: 46148.383 | R50: 01MY03 | S50: No | T50: 8260099332 | U50: MYS | V50: Pass
A51: 39 | B51: S202605-14860 | C51: 19 | D51: MY | E51: BMW | F51: 3015126758 | G51: Performance Motor Damansara | H51: 53924 | I51: 46147 | J51: 46148.406 | K51: 46148.251 | L51: Pass | O51: 46148.249 | P51: 46148.262 | R51: 01MY03 | S51: No | T51: 8260099333 | U51: MYS | V51: Pass
A52: 40 | B52: S202605-14858 | C52: 19 | D52: MY | E52: BMW | F52: 3015126759 | G52: Millenium Kuantan 43638 | H52: 43638 | I52: 46147 | J52: 46148.458 | K52: 46148.395 | L52: Pass | O52: 46148.389 | P52: 46148.401 | R52: 01MY07 | S52: No | T52: 8260099334 | U52: MYS | V52: Pass
A53: 41 | B53: S202605-14861 | C53: 19 | D53: MY | E53: BMW | F53: 3015126811 | G53: SDM Tebrau 49328 | H53: 49328 | I53: 46147 | J53: 46148.448 | K53: 46148.431 | L53: Pass | O53: 46148.424 | P53: 46148.433 | R53: 01MY12 | S53: No | T53: 8260099335 | U53: MYS | V53: Pass
A54: 42 | B54: S202605-14868 | C54: 19 | D54: MY | E54: BMW | F54: 3015126812 | G54: Millennium Welt, K.Terengganu | H54: 53236 | I54: 46147 | J54: 46148.875 | K54: 46148.366 | L54: Pass | O54: 46148.364 | P54: 46148.37 | R54: 01MY14 | S54: No | T54: 8260099336 | U54: MYS | V54: Pass
A55: 43 | B55: S202605-14866 | C55: 19 | D55: MY | E55: BMW | F55: 3015126813 | G55: SDM Skudai | H55: 25435 | I55: 46147 | J55: 46148.396 | K55: 46148.375 | L55: Pass | O55: 46148.37 | P55: 46148.376 | R55: 01MY12 | S55: No | T55: 8260099337 | U55: MYS | V55: Pass
A56: 44 | B56: S202605-14865 | C56: 19 | D56: MY | E56: BMW | F56: 3015126814 | G56: Tian Siang Jln Prai (Butterworth) | H56: 35787 | I56: 46147 | J56: 46148.604 | K56: 46148.413 | L56: Pass | P56: 46148.42 | R56: 01MY04 | S56: No | T56: 8260099338 | U56: MYS | V56: Pass
A57: 45 | B57: S202605-14856 | C57: 19 | D57: MY | E57: BMW | F57: 3015126826 | G57: SDM Sg Tengah | H57: 27307 | I57: 46147 | J57: 46148.656 | K57: 46148.475 | L57: Pass | O57: 46148.471 | P57: 46148.484 | R57: 01MY04 | S57: No | T57: 8260099339 | U57: MYS | V57: Pass
A58: 46 | B58: S202605-14864 | C58: 19 | D58: MY | E58: BMW | F58: 3015126827 | G58: Tian Siang Ipoh 39339 | H58: 39339 | I58: 46147 | J58: 46148.469 | K58: 46148.377 | L58: Pass | O58: 46148.36 | P58: 46148.378 | R58: 01MY05 | S58: No | T58: 8260099340 | U58: MYS | V58: Pass
A59: 47 | B59: S202605-14867 | C59: 19 | D59: MY | E59: BMW | F59: 3015126828 | G59: SDM Tebrau 49330 | H59: 49330 | I59: 46147 | J59: 46148.448 | K59: 46148.429 | L59: Pass | O59: 46148.424 | P59: 46148.433 | R59: 01MY12 | S59: No | T59: 8260099341 | U59: MYS | V59: Pass
A60: 48 | B60: S202605-14857 | C60: 19 | D60: MY | E60: BMW | F60: 3015126831 | G60: Millennium Welt, Seremban 46274 | H60: 46274 | I60: 46147 | J60: 46148.438 | K60: 46148.357 | L60: Pass | O60: 46148.285 | P60: 46148.366 | R60: 01MY10 | S60: No | T60: 8260099342 | U60: MYS | V60: Pass
A61: 49 | B61: S202605-14862 | C61: 19 | D61: MY | E61: BMW | F61: 3015126832 | G61: SDM Shah Alam | H61: 41630 | I61: 46147 | J61: 46148.354 | K61: 46148.349 | L61: Pass | O61: 46148.296 | P61: 46148.352 | R61: 01MY03 | S61: No | T61: 8260099343 | U61: MYS | V61: Pass
A62: 50 | B62: S202605-14859 | C62: 19 | D62: MY | E62: BMW | F62: 3015126833 | G62: SDM Penang Jln Anson | H62: 27306 | I62: 46147 | J62: 46148.625 | K62: 46148.473 | L62: Pass | O62: 46148.471 | P62: 46148.484 | R62: 01MY04 | S62: No | T62: 8260099344 | U62: MYS | V62: Pass
A63: 51 | B63: S202605-14863 | C63: 19 | D63: MY | E63: BMW | F63: 3015126834 | G63: Bavarian Auto, Segambut | H63: 46677 | I63: 46147 | J63: 46148.479 | K63: 46148.406 | L63: Pass | O63: 46148.402 | P63: 46148.417 | R63: 01MY03 | S63: No | T63: 8260099345 | U63: MYS | V63: Pass
A64: 52 | B64: S202605-14869 | C64: 19 | D64: MY | E64: BMW | F64: 3015126835 | G64: SDM Tebrau 49327 | H64: 49327 | I64: 46147 | J64: 46148.448 | K64: 46148.43 | L64: Pass | O64: 46148.424 | P64: 46148.433 | R64: 01MY12 | S64: No | T64: 8260099346 | U64: MYS | V64: Pass
A65: 53 | B65: S202605-14871 | C65: 19 | D65: MY | E65: BMW | F65: 3015126836 | G65: SDM ARA Damansara 25329 | H65: 25329 | I65: 46147 | J65: 46148.354 | K65: 46148.336 | L65: Pass | O65: 46148.327 | P65: 46148.343 | R65: 01MY03 | S65: No | T65: 8260099347 | U65: MYS | V65: Pass
A66: 54 | B66: S202605-14870 | C66: 19 | D66: MY | E66: BMW | F66: 3015126837 | G66: King Hup Shah Alam ( Rimbunan Kuasa Sdn Bhd) | H66: 46678 | I66: 46147 | J66: 46148.427 | K66: 46148.393 | L66: Pass | O66: 46148.36 | P66: 46148.395 | R66: 01MY03 | S66: No | T66: 8260099348 | U66: MYS | V66: Pass
A67: 55 | B67: S202605-14873 | C67: 19 | D67: MY | E67: BMW | F67: 3015126841 | G67: SDM Body & Paint | H67: 52292 | I67: 46147 | J67: 46148.688 | K67: 46148.465 | L67: Pass | O67: 46148.463 | P67: 46148.467 | R67: 01MY04 | S67: No | T67: 8260099349 | U67: MYS | V67: Pass
A68: 56 | B68: S202605-14881 | C68: 19 | D68: MY | E68: BMW | F68: 3015126842 | G68: Seong Hoe, Semabok | H68: 29479 | I68: 46147 | J68: 46148.521 | K68: 46148.473 | L68: Pass | O68: 46148.469 | P68: 46148.475 | R68: 01MY13 | S68: No | T68: 8260099350 | U68: MYS | V68: Pass
... A73: 61 | B73: S202605-14874 | C73: 19 | D73: MY | E73: BMW | F73: 3015126847 | G73: Millennium Jln Kuching | H73: 50898 | I73: 46147 | J73: 46148.458 | K73: 46148.386 | L73: Pass | O73: 46148.38 | P73: 46148.402 | R73: 01MY03 | S73: No | T73: 8260099355 | U73: MYS | V73: Pass
A74: 62 | B74: S202605-14880 | C74: 19 | D74: MY | E74: BMW | F74: 3015126850 | G74: SDM Balakong | H74: 27304 | I74: 46147 | J74: 46148.396 | K74: 46148.34 | L74: Pass | R74: 01MY03 | S74: No | T74: 8260099356 | U74: MYS | V74: Pass
A75: 63 | B75: S202605-14879 | C75: 19 | D75: MY | E75: BMW | F75: 3015126851 | G75: Quill Automobile, P.Jaya | H75: 33873 | I75: 46147 | J75: 46148.427 | K75: 46148.291 | L75: Pass | O75: 46148.28 | P75: 46148.295 | R75: 01MY03 | S75: No | T75: 8260099357 | U75: MYS | V75: Pass
A76: 64 | B76: S202605-14876 | C76: 19 | D76: MY | E76: BMW | F76: 3015126852 | G76: SDM Tun Razak | H76: 35782 | I76: 46147 | J76: 46148.438 | K76: 46148.308 | L76: Pass | R76: 01MY03 | S76: No | T76: 8260099358 | U76: MYS | V76: Pass
A77: 65 | B77: S202605-14882 | C77: 19 | D77: MY | E77: BMW | F77: 3015126839 | G77: Tian Siang Ipoh 30484 | H77: 30484 | I77: 46147 | J77: 46148.469 | K77: 46148.376 | L77: Pass | O77: 46148.36 | P77: 46148.378 | R77: 01MY05 | S77: No | T77: 8260099359 | U77: MYS | V77: Pass
A78: 66 | B78: S202605-14883 | C78: 19 | D78: MY | E78: BMW | F78: 3015126853 | G78: Millennium Welt, Seremban 39488 | H78: 39488 | I78: 46147 | J78: 46148.438 | K78: 46148.358 | L78: Pass | O78: 46148.285 | P78: 46148.366 | R78: 01MY10 | S78: No | T78: 8260099360 | U78: MYS | V78: Pass
A79: 67 | B79: S202605-14912 | C79: 19 | D79: MY | E79: BMW | F79: 3015129872 | G79: Millenium Kuantan 47057 | H79: 47057 | I79: 46148 | J79: 46149.458 | K79: 46149.413 | L79: Pass | O79: 46149.403 | P79: 46149.422 | R79: 01MY07 | S79: No | T79: 8260099398 | U79: MYS | V79: Pass
A80: 68 | B80: S202605-14906 | C80: 19 | D80: MY | E80: BMW | F80: 3015129874 | G80: Millenium Batu Pahat | H80: 41879 | I80: 46148 | J80: 46149.656 | K80: 46149.435 | L80: Pass | O80: 46149.429 | P80: 46149.443 | R80: 01MY11 | S80: No | T80: 8260099399 | U80: MYS | V80: Pass
A81: 69 | B81: S202605-14909 | C81: 19 | D81: MY | E81: BMW | F81: 3015129875 | G81: SDM Penang Jln Anson | H81: 27306 | I81: 46148 | J81: 46149.625 | K81: 46149.48 | L81: Pass | O81: 46149.474 | P81: 46149.482 | R81: 01MY04 | S81: No | T81: 8260099400 | U81: MYS | V81: Pass
A82: 70 | B82: S202605-14905 | C82: 19 | D82: MY | E82: BMW | F82: 3015129877 | G82: SDM Balakong | H82: 27304 | I82: 46148 | J82: 46149.396 | K82: 46149.356 | L82: Pass | R82: 01MY03 | S82: No | T82: 8260099401 | U82: MYS | V82: Pass
A83: 71 | B83: S202605-14901 | C83: 19 | D83: MY | E83: BMW | F83: 3015129878 | G83: Wheelcorp Premium - Setia Alam | H83: 54775 | I83: 46148 | J83: 46149.5 | K83: 46149.383 | L83: Pass | O83: 46149.374 | P83: 46149.386 | R83: 01MY03 | S83: No | T83: 8260099402 | U83: MYS | V83: Pass
A84: 72 | B84: S202605-14907 | C84: 19 | D84: MY | E84: BMW | F84: 3015129883 | G84: Millennium Welt, K.Terengganu | H84: 53236 | I84: 46148 | J84: 46149.875 | K84: 46149.456 | L84: Pass | O84: 46149.454 | P84: 46149.458 | R84: 01MY14 | S84: No | T84: 8260099403 | U84: MYS | V84: Pass
A85: 73 | B85: S202605-14903 | C85: 19 | D85: MY | E85: BMW | F85: 3015129884 | G85: Tian Siang Ipoh 39339 | H85: 39339 | I85: 46148 | J85: 46149.469 | K85: 46149.635 | L85: Pass | O85: 46149.398 | P85: 46149.408 | R85: 01MY05 | S85: No | T85: 8260099404 | U85: MYS | V85: Pass
A86: 74 | B86: S202605-14902 | C86: 19 | D86: MY | E86: BMW | F86: 3015129885 | G86: SDM Tebrau 49330 | H86: 49330 | I86: 46148 | J86: 46149.448 | K86: 46149.385 | L86: Pass | O86: 46149.379 | P86: 46149.387 | R86: 01MY12 | S86: No | T86: 8260099405 | U86: MYS | V86: Pass
A87: 75 | B87: S202605-14920 | C87: 19 | D87: MY | E87: BMW | F87: 3015129886 | G87: SDM Skudai | H87: 25435 | I87: 46148 | J87: 46149.396 | K87: 46149.384 | L87: Pass | O87: 46149.379 | P87: 46149.386 | R87: 01MY12 | S87: No | T87: 8260099406 | U87: MYS | V87: Pass
A88: 76 | B88: S202605-14913 | C88: 19 | D88: MY | E88: BMW | F88: 3015129887 | G88: Millennium Welt, Seremban 46274 | H88: 46274 | I88: 46148 | J88: 46149.438 | K88: 46149.357 | L88: Pass | O88: 46149.327 | P88: 46149.41 | R88: 01MY10 | S88: No | T88: 8260099407 | U88: MYS | V88: Pass
A89: 77 | B89: S202605-14904 | C89: 19 | D89: MY | E89: BMW | F89: 3015129893 | G89: SDM Sg Pinang | H89: 49903 | I89: 46148 | J89: 46149.667 | K89: 46149.467 | L89: Pass | O89: 46149.462 | P89: 46149.468 | R89: 01MY04 | S89: No | T89: 8260099408 | U89: MYS | V89: Pass
A90: 78 | B90: S202605-14916 | C90: 19 | D90: MY | E90: BMW | F90: 3015129894 | G90: SDM Sg Tengah | H90: 27307 | I90: 46148 | J90: 46149.656 | K90: 46149.481 | L90: Pass | O90: 46149.474 | P90: 46149.482 | R90: 01MY04 | S90: No | T90: 8260099409 | U90: MYS | V90: Pass
A91: 79 | B91: S202605-14914 | C91: 19 | D91: MY | E91: BMW | F91: 3015129896 | G91: Tian Siang Jln Prai (Butterworth) | H91: 35787 | I91: 46148 | J91: 46149.604 | K91: 46149.505 | L91: Pass | O91: 46149.492 | P91: 46149.506 | R91: 01MY04 | S91: No | T91: 8260099410 | U91: MYS | V91: Pass
A92: 80 | B92: S202605-14918 | C92: 19 | D92: MY | E92: BMW | F92: 3015129900 | G92: Sime Darby Auto Bavaria Sdn. Bhd (Sg.Besi) | H92: 52770 | I92: 46148 | J92: 46149.458 | K92: 46149.484 | L92: Pass | O92: 46149.338 | P92: 46149.343 | R92: 01MY03 | S92: No | T92: 8260099411 | U92: MYS | V92: Pass
A93: 81 | B93: S202605-14924 | C93: 19 | D93: MY | E93: BMW | F93: 3015129901 | G93: Performance Kepong | H93: 53931 | I93: 46148 | J93: 46149.406 | K93: 46149.382 | L93: Pass | O93: 46149.382 | P93: 46149.39 | R93: 01MY03 | S93: No | T93: 8260099412 | U93: MYS | V93: Pass
A94: 82 | B94: S202605-14915 | C94: 19 | D94: MY | E94: BMW | F94: 3015129903 | G94: Chear Motorrad | H94: 36820 | I94: 46148 | J94: 46149.469 | K94: 46149.376 | L94: Pass | O94: 46149.339 | P94: 46149.388 | R94: 01MY03 | S94: No | T94: 8260099413 | U94: MYS | V94: Pass
... A111: 99 | B111: S202605-14952 | C111: 19 | D111: MY | E111: BMW | F111: 3015132976 | G111: Tian Siang Jln Prai (Butterworth) | H111: 35787 | I111: 46149 | J111: 46150.604 | K111: 46150.462 | L111: Pass | O111: 46150.459 | P111: 46150.463 | R111: 01MY04 | S111: No | T111: 8260099478 | U111: MYS | V111: Pass
A112: 100 | B112: S202605-14954 | C112: 19 | D112: MY | E112: BMW | F112: 3015133020 | G112: Sime Darby Auto Bavaria Sdn. Bhd (Sg.Besi) | H112: 52770 | I112: 46149 | J112: 46150.458 | K112: 46150.339 | L112: Pass | R112: 01MY03 | S112: No | T112: 8260099479 | U112: MYS | V112: Pass
A113: 101 | B113: S202605-14953 | C113: 19 | D113: MY | E113: BMW | F113: 3015133021 | G113: Performance Kepong | H113: 53931 | I113: 46149 | J113: 46150.354 | K113: 46150.305 | L113: Pass | P113: 46150.335 | R113: 01MY03 | S113: No | T113: 8260099480 | U113: MYS | V113: Pass
A114: 102 | B114: S202605-14959 | C114: 19 | D114: MY | E114: BMW | F114: 3015132977 | G114: SDM CSL | H114: 49902 | I114: 46149 | J114: 46150.479 | K114: 46150.272 | L114: Pass | O114: 46150.261 | P114: 46150.342 | R114: 01MY03 | S114: No | T114: 8260099481 | U114: MYS | V114: Pass
A115: 103 | B115: S202605-14961 | C115: 19 | D115: MY | E115: BMW | F115: 3015132978 | G115: SDM Skudai | H115: 25435 | I115: 46149 | J115: 46150.396 | K115: 46150.386 | L115: Pass | R115: 01MY12 | S115: No | T115: 8260099482 | U115: MYS | V115: Pass
A116: 104 | B116: S202605-14955 | C116: 19 | D116: MY | E116: BMW | F116: 3015132979 | G116: Performance Motor Puchong | H116: 53929 | I116: 46149 | J116: 46150.375 | K116: 46150.293 | L116: Pass | P116: 46150.335 | R116: 01MY03 | S116: No | T116: 8260099483 | U116: MYS | V116: Pass
A117: 105 | B117: S202605-14964 | C117: 19 | D117: MY | E117: BMW | F117: 3015132985 | G117: SDM Sg Pinang | H117: 49903 | I117: 46149 | J117: 46150.667 | K117: 46150.534 | L117: Pass | O117: 46150.531 | P117: 46150.538 | R117: 01MY04 | S117: No | T117: 8260099484 | U117: MYS | V117: Pass
A118: 106 | B118: S202605-14963 | C118: 19 | D118: MY | E118: BMW | F118: 3015132986 | G118: Lee Motors Alor Star | H118: 27240 | I118: 46149 | J118: 46150.708 | K118: 46150.639 | L118: Pass | O118: 46150.633 | P118: 46150.646 | R118: 01MY08 | S118: No | T118: 8260099485 | U118: MYS | V118: Pass
A119: 107 | B119: S202605-14957 | C119: 19 | D119: MY | E119: BMW | F119: 3015132987 | G119: SDM Penang Jln Anson | H119: 27306 | I119: 46149 | J119: 46150.625 | K119: 46150.506 | L119: Pass | O119: 46150.503 | P119: 46150.511 | R119: 01MY04 | S119: No | T119: 8260099486 | U119: MYS | V119: Pass
A120: 108 | B120: S202605-14966 | C120: 19 | D120: MY | E120: BMW | F120: 3015132988 | G120: Tian Siang Ipoh 30484 | H120: 30484 | I120: 46149 | J120: 46150.469 | K120: 46150.384 | L120: Pass | O120: 46150.377 | P120: 46150.387 | R120: 01MY05 | S120: No | T120: 8260099487 | U120: MYS | V120: Pass
A121: 109 | B121: S202605-14960 | C121: 19 | D121: MY | E121: BMW | F121: 3015132989 | G121: Seong Hoe, Semabok | H121: 29479 | I121: 46149 | J121: 46150.521 | K121: 46150.452 | L121: Pass | O121: 46150.451 | P121: 46150.455 | R121: 01MY13 | S121: No | T121: 8260099488 | U121: MYS | V121: Pass
A122: 110 | B122: S202605-14962 | C122: 19 | D122: MY | E122: BMW | F122: 3015132994 | G122: Millennium Jln Kuching | H122: 50898 | I122: 46149 | J122: 46150.458 | K122: 46150.353 | L122: Pass | O122: 46150.346 | P122: 46150.365 | R122: 01MY03 | S122: No | T122: 8260099489 | U122: MYS | V122: Pass
...

Sheet THAI
A1: BMW Thailand Delivery Report
C2: CW 19 | F2: CW 20 | I2: CW 21 | L2: CW 22
B3: KPI Calculation | E3: KPI Calculation | H3: KPI Calculation | K3: KPI Calculation
B4: Total No. of Shipments: | C4: 10 | E4: Total No. of Shipments: | F4: 8 | H4: Total No. of Shipments: | I4: 11 | K4: Total No. of Shipments: | L4: 6
B5: No. of failed deliveries: | C5: 4 | E5: No. of failed deliveries: | F5: 3 | H5: No. of failed deliveries: | I5: 10 | K5: No. of failed deliveries: | L5: 5
B6: Before Investigation: | C6: =(C4-C5)/C4 -> 0.6 | E6: Before Investigation: | F6: =(F4-F5)/F4 -> 0.625 | H6: Before Investigation: | I6: =(I4-I5)/I4 -> 0.090909091 | K6: Before Investigation: | L6: =(L4-L5)/L4 -> 0.16666667
B8: KPI Calculation | E8: KPI Calculation | H8: KPI Calculation | K8: KPI Calculation
B9: Total No. of Shipments: | C9: 10 | E9: Total No. of Shipments: | F9: 8 | H9: Total No. of Shipments: | I9: 11 | K9: Total No. of Shipments: | L9: 6
B10: No. of failed deliveries: | C10: 0 | E10: No. of failed deliveries: | F10: 0 | H10: No. of failed deliveries: | I10: 0 | K10: No. of failed deliveries: | L10: 0
B11: After Investigation: | C11: =(C9-C10)/C9 -> 1 | E11: After Investigation: | F11: =(F9-F10)/F9 -> 1 | H11: After Investigation: | I11: =(I9-I10)/I9 -> 1 | K11: After Investigation: | L11: =(L9-L10)/L9 -> 1
A13: No. | B13: Collection Date | C13: CW | D13: SHIPMENT TYPE | E13: Truck No. | F13: Container No. | G13: LG No. | H13: Shipment No. | I13: BMW Invoice No. | J13: No. of Packages | K13: Gross Weight (KG) | L13: Volume (M3) | M13: Delivered On | N13: Delivery Time | O13: KPI Pass/Fail | P13: Remarks | Q13: After Investigation Result
A14: 1 | B14: 46147 | C14: 19 | D14: TH | E14: KFE 2855 | F14: EHUU5550230 | G14: 1002832818 | H14: 3015125792 | I14: 8260099298 | J14: 117 | K14: 6927.38 | L14: 56.014 | M14: 46149 | N14: 0.44930556 | O14: Pass | Q14: Pass
A15: 2 | B15: 46147 | C15: 19 | D15: TH | E15: KFD 8755 | F15: FTMU5550195 | G15: 1002832819 | H15: 3015125793 | I15: 8260099299 | J15: 99 | K15: 9551.82 | L15: 67.871 | M15: 46158 | N15: 0.44305556 | O15: Fail | P15: DETAINED AT SADAO DUE TO 1 ITEM (288) REQUIRE TH TISI IMPORT PERMIT. 15/05/2026 CROSS BORDER. | Q15: Pass
A16: 3 | B16: 46147 | C16: 19 | D16: TH | E16: KFB 5755 | F16: EHUU5550473 | G16: 1002832820 | H16: 3015125682 | I16: 8260099300 | J16: 90 | K16: 4948.91 | L16: 62.38 | M16: 46149 | N16: 0.62569444 | O16: Pass | Q16: Pass
A17: 4 | B17: 46148 | C17: 19 | D17: TH | E17: KEG 7055 | F17: FTTU5550652 | G17: 1002832821 | H17: 3015128836 | I17: 8260099364 | J17: 51 | K17: 3791.92 | L17: 61.046 | M17: 46150 | N17: 0.625 | O17: Pass | Q17: Pass
A18: 5 | B18: 46148 | C18: 19 | D18: TH | E18: KEA 5055 | F18: EHUU5550137 | G18: 1002832822 | H18: 3015128837 | I18: 8260099365 | J18: 66 | K18: 5045.8 | L18: 59.411 | M18: 46150 | N18: 0.069444444 | O18: Pass | Q18: Pass
A19: 6 | B19: 46148 | C19: 19 | D19: TH | E19: KFE 2955 | F19: CICU2627784 | G19: 1002832823 | H19: 3015128838 | I19: 8260099366 | J19: 76 | K19: 7089.62 | L19: 66.724 | M19: 46150 | N19: 0.38541667 | O19: Pass | Q19: Pass
A20: 7 | B20: 46149 | C20: 19 | D20: TH | E20: BJQ 6055 | F20: EHUU5550385 | G20: 1002832824 | H20: 3015131964 | I20: 8260099442 | J20: 111 | K20: 6249.01 | L20: 62.608 | M20: 46162 | N20: 0.575 | O20: Fail | P20: DETAINED AT PDC DUE TO PULLED OUT THE WRONG CONTAINER (EHUU5550061). 15/05/2026 TRUCK OUT FROM PDC. 19/05 : CROSS SADAO | Q20: Pass
A21: 8 | B21: 46149 | C21: 19 | D21: TH | E21: KEL 2055 | F21: EHUU5550061 | G21: 1002832825 | H21: 3015131983 | I21: 8260099443 | J21: 108 | K21: 6725.86 | L21: 61.943 | M21: 46151 | N21: 0.58333333 | O21: Pass | P21: 2 ITEMS (160 & 177) REQUIRE TH TISI IMPORT PERMIT HOWEVER, PULL OUT THE WRONG CONTAINER (EHUU5550385). | Q21: Pass
A22: 9 | B22: 46150 | C22: 19 | D22: TH | E22: KFE 2855 | F22: FTTU5550658 | G22: 1002832828 | H22: 3015135013 | I22: 8260099521 | J22: 77 | K22: 5419.64 | L22: 62.723 | M22: 46154 | N22: 0.68541667 | O22: Fail | P22: INSUFFICIENT FUNDS. CLEARANCE WAS DONE ON MONDAY AND DELIVERY WAS ARRANGED ON TUESDAY. DEALER CLOSE ON SUNDAY. | Q22: Pass
A23: 10 | B23: 46150 | C23: 19 | D23: TH | I23: 8260099522 | J23: 3 | K23: 102 | Q23: Pass
A24: 11 | B24: 46150 | C24: 19 | D24: TH | E24: KEJ 9755 | F24: EHUU5550413 | G24: 1002832826 | H24: 3015134968 | I24: 8260099523 | J24: 82 | K24: 5169.16 | L24: 53.767 | M24: 46154 | N24: 0.48402778 | O24: Fail | P24: INSUFFICIENT FUNDS. CLEARANCE WAS DONE ON MONDAY AND DELIVERY WAS ARRANGED ON TUESDAY. DEALER CLOSE ON SUNDAY. | Q24: Pass
A25: 12 | B25: 46153 | C25: 20 | D25: TH | E25: KFH 8655 | F25: FKTT5550641 | G25: 1002832831 | H25: 3015138337 | I25: 8260099592 | J25: 76 | K25: 5513.16 | L25: 61.44 | M25: 46155 | N25: 0.45138889 | O25: Pass | Q25: Pass
A26: 13 | B26: 46154 | C26: 20 | D26: TH | E26: KFE 2855 | F26: KLNU5000380 | G26: 1002832829 | H26: 3015141356 | I26: 8260099666 | J26: 83 | K26: 7483.24 | L26: 59.637 | M26: 46156 | N26: 0.45833333 | O26: Pass | Q26: Pass
A27: 14 | B27: 46155 | C27: 20 | D27: TH | E27: KDW 5755 | F27: EHUU5550383 | G27: 1002832832 | H27: 3015144347 | I27: 8260099738 | J27: 86 | K27: 4400.12 | L27: 59.411 | M27: 46157 | N27: 0.20833333 | O27: Pass | Q27: Pass
A28: 15 | B28: 46155 | C28: 20 | D28: TH | I28: 8260099739 | J28: 2
A29: 16 | B29: 46155 | C29: 20 | D29: TH | E29: KEJ 9755 | F29: EHUU5550516 | G29: 1002832830 | H29: 3015144480 | I29: 8260099740 | J29: 73 | K29: 3635.6 | L29: 56.888 | M29: 46164 | N29: 0.5 | O29: Fail | P29: DETAINED AT PDC DUE TO 1 ITEM (80) REQUIRE TH TISI IMPORT PERMIT. 18/05 : RECEIVED TISI. INSUFFICIENT FUNDS PARK AT SADAO. 21/05 : CROSS SADAO BORDER. | Q29: Pass
A30: 17 | B30: 46155 | C30: 20 | D30: TH | I30: 8260099741 | J30: 5
A31: 18 | B31: 46156 | C31: 20 | D31: TH | E31: KFD 9155 | F31: EHUU5550188 | G31: 1002832833 | H31: 3015147652 | I31: 8260099832 | J31: 68 | K31: 5407.79 | L31: 62.435 | M31: 46158 | N31: 0.625 | O31: Pass | Q31: Pass
A32: 19 | B32: 46156 | C32: 20 | D32: TH | E32: KGB 9855 | F32: EHUU5550206 | G32: 1002832835 | H32: 3015147877 | I32: 8260099833 | J32: 101 | K32: 5322.25 | L32: 57.696 | M32: 46158 | N32: 0.70833333 | O32: Pass | Q32: Pass
A33: 20 | B33: 46157 | C33: 20 | D33: TH | E33: KDW 8755 | F33: FKTT5550477 | G33: 1002832834 | H33: 3015148636 | I33: 8260099915 | J33: 125 | K33: 5517.47 | L33: 58.788 | M33: 46163 | N33: 0.77569444 | O33: Fail | P33: INSUFFICIENT FUNDS PARK AT SADAO. 20/05 : CROSS SADAO BORDER. | Q33: Pass
A34: 21 | B34: 46157 | C34: 20 | D34: TH | I34: 8260099916 | J34: 2
A35: 22 | B35: 46157 | C35: 20 | D35: TH | E35: KFB 5755 | F35: EHUU5550529 | G35: 1002832836 | H35: 3015148651 | I35: 8260099917 | J35: 41 | K35: 3398.35 | L35: 52.481 | M35: 46163 | N35: 0.75694444 | O35: Fail | P35: INSUFFICIENT FUNDS PARK AT SADAO. 20/05 : CROSS SADAO BORDER. | Q35: Pass
A36: 23 | B36: 46157 | C36: 20 | D36: TH | I36: 8260099918 | J36: 2
A37: 24 | B37: 46160 | C37: 21 | D37: TH | E37: KFB 5755 | F37: EHUU5550547 | G37: 1002832839 | H37: 3015151767 | I37: 8260099984 | J37: 166 | K37: 5277.92 | L37: 59.882 | M37: 46172 | N37: 0.47222222 | O37: Fail | P37: DETAINED AT PDC DUE TO 1 ITEM (152) REQUIRE TH TISI IMPORT PERMIT. 20/05 : RECEIVED INCORRECT TISI. 26/05 : RECEIVED REVISED TISI. 28/05 : TRUCK OUT FROM PDC. | Q37: Pass
A38: 25 | B38: 46160 | C38: 21 | D38: TH | E38: BJQ 6055 | F38: CICU2627830 | G38: 1002832837 | H38: 3015151771 | I38: 8260099985 | J38: 77 | K38: 5916.66 | L38: 55.294 | M38: 46164 | N38: 0.5 | O38: Fail | P38: INSUFFICIENT FUNDS PARK AT SADAO. 21/05 : CROSS SADAO BORDER. | Q38: Pass
A39: 26 | B39: 46160 | C39: 21 | D39: TH | I39: 8260099986 | J39: 2
A40: 27 | B40: 46161 | C40: 21 | D40: TH | E40: KEJ 9255 | F40: WHLU5561366 | G40: 1002832838 | H40: 3015154750 | I40: 8260100060 | J40: 55 | K40: 6666.7 | L40: 55.86 | M40: 46164 | N40: 0.44375 | O40: Fail | P40: INSUFFICIENT FUNDS PARK AT SADAO. 21/05 : CROSS SADAO BORDER. | Q40: Pass
A41: 28 | B41: 46161 | C41: 21 | D41: TH | E41: KFD8755 | F41: EHUU5550079 | G41: 1002898208 | H41: 3015154614 | I41: 8260100061 | J41: 90 | K41: 6715.707 | M41: 46164 | N41: 0.75 | O41: Fail | P41: INSUFFICIENT FUNDS PARK AT SADAO. 21/05 : CROSS SADAO BORDER. | Q41: Pass
A42: 29 | B42: 46162 | C42: 21 | D42: TH | E42: KEA 5955 | F42: EHUU5550306 | G42: 1002898210 | H42: 3015157849 | I42: 8260100127 | J42: 65 | K42: 8792.62 | L42: 56.534 | M42: 46164 | N42: 0.5 | O42: Pass | Q42: Pass
A43: 30 | B43: 46162 | C43: 21 | D43: TH | E43: KFH 5955 | F43: FTTU5550652 | G43: 1002832840 | H43: 3015157836 | I43: 8260100129 | J43: 123 | K43: 6630.35 | L43: 59.297 | M43: 46165 | N43: 0.75 | O43: Fail | P43: INSUFFICIENT FUNDS PARK AT SADAO. 22/05 : CROSS SADAO BORDER. | Q43: Pass
A44: 31 | B44: 46162 | C44: 21 | D44: TH | E44: KFE 2855 | F44: EHUU5550302 | G44: 1002898209 | H44: 3015157837 | I44: 8260100130 | J44: 175 | K44: 5666.37 | L44: 57.035 | M44: 46165 | N44: 0.67708333 | O44: Fail | P44: INSUFFICIENT FUNDS PARK AT SADAO. 22/05 : CROSS SADAO BORDER. | Q44: Pass
A45: 32 | B45: 46162 | C45: 21 | D45: TH | I45: 8260100131 | J45: 1
A46: 33 | B46: 46163 | C46: 21 | D46: TH | E46: KEN 9355 | F46: EHUU5550585 | G46: 1002898212 | H46: 3015160949 | I46: 8260100206 | J46: 50 | K46: 4142.29 | L46: 55.714 | M46: 46165 | N46: 0.75 | O46: Fail | P46: INSUFFICIENT FUNDS AND RECEIVED THE FUNDS AT 15:15. LED TO LATE CROSS BORDER TIME AT 9PM. | Q46: Pass
A47: 34 | B47: 46163 | C47: 21 | D47: TH | E47: KEA 5055 | F47: EHUU5550547 | G47: 1002898213 | H47: 3015160896 | I47: 8260100207 | J47: 140 | K47: 4728.97 | L47: 58.267 | M47: 46165 | N47: 0.75 | O47: Fail | P47: INSUFFICIENT FUNDS AND RECEIVED THE FUNDS AT 15:15. LED TO LATE CROSS BORDER TIME AT 9PM. | Q47: Pass
A48: 35 | B48: 46164 | C48: 21 | D48: TH | E48: KFB 5755 | F48: EHUU5550448 | G48: 1002898215 | H48: 3015164089 | I48: 8260100283 | J48: 22 | K48: 1738.83 | L48: 49.268 | M48: 46167 | N48: 0.33333333 | O48: Fail | P48: DEALER CLOSED FOR RECEIVING ON SUNDAY. HENCE, DELIVERY WAS ARRANGED ON MONDAY. | Q48: Pass
A49: 36 | B49: 46164 | C49: 21 | D49: TH | E49: BJQ 6055 | F49: MHCU9600019 | G49: 1002898211 | H49: 3015164290 | I49: 8260100286 | J49: 76 | K49: 3139.03 | L49: 56.49 | M49: 46167 | N49: 0.33333333 | O49: Fail | P49: DEALER CLOSED FOR RECEIVING ON SUNDAY. HENCE, DELIVERY WAS ARRANGED ON MONDAY. | Q49: Pass
A50: 37 | B50: 46164 | C50: 21 | D50: TH | I50: 8260100287 | J50: 2
A51: 38 | B51: 46167 | C51: 22 | D51: TH | E51: KEA 5055 | F51: EHUU5550327 | G51: 1002898214 | H51: 3015167371 | I51: 8260100371 | J51: 108 | K51: 2767.6 | L51: 58.183 | M51: 46170 | N51: 0.46527778 | O51: Fail | P51: INSUFFICIENT FUNDS PARK AT SADAO. 27/05 : CROSS SADAO BORDER. | Q51: Pass
A52: 39 | B52: 46167 | C52: 22 | D52: TH | E52: KFH 8655 | F52: EHUU5550340 | G52: 1002898217 | H52: 3015167364 | I52: 8260100372 | J52: 68 | K52: 3544.37 | L52: 61.166 | M52: 46170 | N52: 0.41666667 | O52: Fail | P52: INSUFFICIENT FUNDS PARK AT SADAO. 27/05 : CROSS SADAO BORDER. | Q52: Pass
A53: 40 | B53: 46168 | C53: 22 | D53: TH | E53: KFH 6455 | F53: EHUU5550240 | G53: 1002898216 | H53: 3015167699 | I53: 8260100408 | J53: 48 | K53: 3330.72 | L53: 52.356 | M53: 46172 | N53: 0.59375 | O53: Fail | P53: INSUFFICIENT FUNDS PARK AT SADAO. 29/05 : CROSS SADAO BORDER. | Q53: Pass
A54: 41 | B54: 46168 | C54: 22 | D54: TH | E54: KFD 8255 | F54: CICU2627790 | G54: 1002898218 | H54: 3015167806 | I54: 8260100409 | J54: 65 | K54: 4066.54 | L54: 48.338 | M54: 46172 | N54: 0.64583333 | O54: Fail | P54: INSUFFICIENT FUNDS PARK AT SADAO. 29/05 : CROSS SADAO BORDER. | Q54: Pass
A55: 42 | B55: 46170 | C55: 22 | D55: TH | E55: KFH 6955 | F55: EHUU5550605 | G55: 1002898219 | H55: 3015174279 | I55: 8260100483 | J55: 90 | K55: 5190.28 | L55: 50.004 | M55: 46172 | N55: 0.67013889 | O55: Pass | Q55: Pass
A56: 43 | B56: 46171 | C56: 22 | D56: TH | E56: KFE 2755 | F56: EHUU5550348 | G56: 1002898220 | H56: 3015177199 | I56: 8260100552 | J56: 96 | K56: 4606.55 | L56: 54.293 | M56: 46177 | N56: 0.66666667 | O56: Fail | P56: THAILAND'S PUBLIC HOLIDAY ON 1/06 & 03/06. HENCE, DELIVERY WAS ARRANGED ON 04/06. | Q56: Pass
